date,T2M,T2M_MAX,T2M_MIN,RH2M,PRECTOTCORR,district
2026-02-19,31.48,31.48,28.81,61,0.15,Colombo
2026-02-19,29.4,29.4,27.69,69,0.86,Colombo
2026-02-19,26.16,26.16,26.16,82,0.38,Colombo
2026-02-19,25.4,25.4,25.4,83,0.48,Colombo
2026-02-20,25.14,25.14,25.14,83,1.71,Colombo
2026-02-20,24.62,24.62,24.62,85,0.39,Colombo
2026-02-20,25.46,25.46,25.46,81,0.0,Colombo
2026-02-20,29.32,29.32,29.32,66,0.0,Colombo
2026-02-20,28.23,28.23,28.23,74,0.37,Colombo
2026-02-20,27.47,27.47,27.47,81,0.62,Colombo
2026-02-20,26.34,26.34,26.34,84,0.34,Colombo
2026-02-20,25.98,25.98,25.98,81,0.0,Colombo
2026-02-21,25.36,25.36,25.36,82,0.0,Colombo
2026-02-21,25.13,25.13,25.13,85,0.0,Colombo
2026-02-21,25.62,25.62,25.62,85,0.12,Colombo
2026-02-21,27.12,27.12,27.12,78,2.09,Colombo
2026-02-21,27.45,27.45,27.45,77,1.28,Colombo
2026-02-21,26.72,26.72,26.72,81,2.01,Colombo
2026-02-21,26.41,26.41,26.41,81,0.25,Colombo
2026-02-21,25.9,25.9,25.9,84,1.19,Colombo
2026-02-22,25.91,25.91,25.91,82,1.08,Colombo
2026-02-22,25.63,25.63,25.63,83,0.62,Colombo
2026-02-22,26.62,26.62,26.62,80,0.76,Colombo
2026-02-22,27.8,27.8,27.8,74,0.37,Colombo
2026-02-22,27.07,27.07,27.07,77,0.27,Colombo
2026-02-22,26.18,26.18,26.18,79,0.0,Colombo
2026-02-22,26.24,26.24,26.24,78,0.0,Colombo
2026-02-22,26.02,26.02,26.02,82,0.78,Colombo
2026-02-23,25.26,25.26,25.26,86,2.28,Colombo
2026-02-23,25.53,25.53,25.53,83,0.96,Colombo
2026-02-23,26.43,26.43,26.43,80,0.95,Colombo
2026-02-23,27.07,27.07,27.07,78,0.64,Colombo
2026-02-23,27.41,27.41,27.41,77,0.23,Colombo
2026-02-23,27.54,27.54,27.54,76,0.0,Colombo
2026-02-23,26.55,26.55,26.55,82,0.0,Colombo
2026-02-23,25.66,25.66,25.66,85,0.0,Colombo
2026-02-24,25.29,25.29,25.29,86,0.0,Colombo
2026-02-24,25.48,25.48,25.48,87,0.0,Colombo
2026-02-24,27.08,27.08,27.08,81,0.0,Colombo
2026-02-24,27.68,27.68,27.68,77,0.15,Colombo
2026-02-19,20.66,20.66,19.31,78,2.2,Gampaha
2026-02-19,18.69,18.69,17.37,87,2.38,Gampaha
2026-02-19,15.84,15.84,15.84,100,0.1,Gampaha
2026-02-19,15.71,15.71,15.71,100,0.13,Gampaha
2026-02-20,14.86,14.86,14.86,99,0.0,Gampaha
2026-02-20,15.41,15.41,15.41,100,0.28,Gampaha
2026-02-20,17.08,17.08,17.08,96,0.0,Gampaha
2026-02-20,19.29,19.29,19.29,87,0.55,Gampaha
2026-02-20,19.51,19.51,19.51,86,2.5,Gampaha
2026-02-20,17.07,17.07,17.07,98,1.53,Gampaha
2026-02-20,15.98,15.98,15.98,97,0.0,Gampaha
2026-02-20,15.69,15.69,15.69,97,0.92,Gampaha
2026-02-21,16.07,16.07,16.07,92,1.15,Gampaha
2026-02-21,15.76,15.76,15.76,94,0.58,Gampaha
2026-02-21,18.64,18.64,18.64,85,0.1,Gampaha
2026-02-21,20.96,20.96,20.96,78,1.28,Gampaha
2026-02-21,19.44,19.44,19.44,87,4.04,Gampaha
2026-02-21,18.03,18.03,18.03,95,5.02,Gampaha
2026-02-21,16.55,16.55,16.55,97,2.23,Gampaha
2026-02-21,16.83,16.83,16.83,95,1.04,Gampaha
2026-02-22,16.53,16.53,16.53,95,0.0,Gampaha
2026-02-22,16.1,16.1,16.1,93,0.0,Gampaha
2026-02-22,19.09,19.09,19.09,85,0.0,Gampaha
2026-02-22,21.08,21.08,21.08,80,2.35,Gampaha
2026-02-22,18.7,18.7,18.7,92,5.14,Gampaha
2026-02-22,17.58,17.58,17.58,96,7.23,Gampaha
2026-02-22,16.54,16.54,16.54,97,17.6,Gampaha
2026-02-22,16.29,16.29,16.29,97,5.17,Gampaha
2026-02-23,16.16,16.16,16.16,96,1.49,Gampaha
2026-02-23,15.88,15.88,15.88,93,0.0,Gampaha
2026-02-23,18.72,18.72,18.72,85,0.0,Gampaha
2026-02-23,21.21,21.21,21.21,80,1.13,Gampaha
2026-02-23,19.32,19.32,19.32,89,3.28,Gampaha
2026-02-23,17.6,17.6,17.6,96,6.17,Gampaha
2026-02-23,16.89,16.89,16.89,99,11.41,Gampaha
2026-02-23,16.36,16.36,16.36,95,13.48,Gampaha
2026-02-24,15.4,15.4,15.4,89,1.24,Gampaha
2026-02-24,15.23,15.23,15.23,79,0.0,Gampaha
2026-02-24,18.96,18.96,18.96,70,0.0,Gampaha
2026-02-24,22.8,22.8,22.8,59,0.0,Gampaha
2026-02-19,29.84,29.84,26.3,62,1.19,Kalutara
2026-02-19,26.27,26.27,23.6,80,4.61,Kalutara
2026-02-19,22.9,22.9,22.9,97,1.76,Kalutara
2026-02-19,22.83,22.83,22.83,96,0.0,Kalutara
2026-02-20,22.13,22.13,22.13,98,0.22,Kalutara
2026-02-20,21.69,21.69,21.69,98,0.12,Kalutara
2026-02-20,23.89,23.89,23.89,92,0.0,Kalutara
2026-02-20,30.8,30.8,30.8,59,0.0,Kalutara
2026-02-20,27.54,27.54,27.54,82,3.49,Kalutara
2026-02-20,24.74,24.74,24.74,93,4.85,Kalutara
2026-02-20,23.15,23.15,23.15,96,0.8,Kalutara
2026-02-20,22.92,22.92,22.92,98,0.16,Kalutara
2026-02-21,22.49,22.49,22.49,98,0.53,Kalutara
2026-02-21,22.23,22.23,22.23,98,0.29,Kalutara
2026-02-21,24.33,24.33,24.33,92,0.39,Kalutara
2026-02-21,28.54,28.54,28.54,76,3.7,Kalutara
2026-02-21,26.78,26.78,26.78,86,3.66,Kalutara
2026-02-21,24.17,24.17,24.17,95,5.16,Kalutara
2026-02-21,22.94,22.94,22.94,97,2.78,Kalutara
2026-02-21,22.68,22.68,22.68,98,0.88,Kalutara
2026-02-22,22.11,22.11,22.11,98,0.0,Kalutara
2026-02-22,21.85,21.85,21.85,98,0.46,Kalutara
2026-02-22,24.86,24.86,24.86,88,0.0,Kalutara
2026-02-22,28.93,28.93,28.93,71,1.76,Kalutara
2026-02-22,26.09,26.09,26.09,89,6.77,Kalutara
2026-02-22,23.75,23.75,23.75,96,3.95,Kalutara
2026-02-22,22.62,22.62,22.62,97,2.14,Kalutara
2026-02-22,22.53,22.53,22.53,96,0.52,Kalutara
2026-02-23,22.12,22.12,22.12,97,0.32,Kalutara
2026-02-23,21.72,21.72,21.72,98,0.0,Kalutara
2026-02-23,24.13,24.13,24.13,91,0.0,Kalutara
2026-02-23,26.17,26.17,26.17,84,1.81,Kalutara
2026-02-23,26.12,26.12,26.12,88,4.83,Kalutara
2026-02-23,24.1,24.1,24.1,94,0.97,Kalutara
2026-02-23,23.0,23.0,23.0,97,0.31,Kalutara
2026-02-23,22.73,22.73,22.73,97,0.34,Kalutara
2026-02-24,22.11,22.11,22.11,98,0.0,Kalutara
2026-02-24,21.59,21.59,21.59,98,0.0,Kalutara
2026-02-24,25.08,25.08,25.08,87,0.0,Kalutara
2026-02-24,30.61,30.61,30.61,61,0.6,Kalutara
2026-02-19,25.89,26.46,25.89,72,0.64,Kandy
2026-02-19,23.68,23.68,22.72,86,1.16,Kandy
2026-02-19,20.43,20.43,20.43,100,0.34,Kandy
2026-02-19,19.86,19.86,19.86,99,0.0,Kandy
2026-02-20,19.64,19.64,19.64,98,0.0,Kandy
2026-02-20,20.32,20.32,20.32,97,0.38,Kandy
2026-02-20,21.74,21.74,21.74,94,0.33,Kandy
2026-02-20,26.83,26.83,26.83,67,0.0,Kandy
2026-02-20,25.57,25.57,25.57,81,1.74,Kandy
2026-02-20,21.09,21.09,21.09,98,2.42,Kandy
2026-02-20,20.29,20.29,20.29,97,0.12,Kandy
2026-02-20,20.23,20.23,20.23,97,0.0,Kandy
2026-02-21,20.39,20.39,20.39,96,1.13,Kandy
2026-02-21,19.86,19.86,19.86,98,1.46,Kandy
2026-02-21,22.24,22.24,22.24,93,0.63,Kandy
2026-02-21,26.97,26.97,26.97,70,1.74,Kandy
2026-02-21,25.96,25.96,25.96,81,3.17,Kandy
2026-02-21,22.05,22.05,22.05,98,5.68,Kandy
2026-02-21,21.18,21.18,21.18,100,4.93,Kandy
2026-02-21,21.22,21.22,21.22,97,1.18,Kandy
2026-02-22,20.73,20.73,20.73,97,0.0,Kandy
2026-02-22,20.14,20.14,20.14,96,0.0,Kandy
2026-02-22,24.1,24.1,24.1,82,0.0,Kandy
2026-02-22,28.12,28.12,28.12,64,0.78,Kandy
2026-02-22,23.97,23.97,23.97,92,3.96,Kandy
2026-02-22,22.14,22.14,22.14,97,5.65,Kandy
2026-02-22,21.2,21.2,21.2,99,7.82,Kandy
2026-02-22,20.83,20.83,20.83,99,8.07,Kandy
2026-02-23,20.45,20.45,20.45,97,4.54,Kandy
2026-02-23,19.88,19.88,19.88,96,0.0,Kandy
2026-02-23,22.72,22.72,22.72,88,0.0,Kandy
2026-02-23,27.56,27.56,27.56,67,0.45,Kandy
2026-02-23,24.64,24.64,24.64,90,4.97,Kandy
2026-02-23,22.02,22.02,22.02,96,7.09,Kandy
2026-02-23,21.15,21.15,21.15,98,4.4,Kandy
2026-02-23,20.71,20.71,20.71,96,0.87,Kandy
2026-02-24,19.57,19.57,19.57,91,0.0,Kandy
2026-02-24,19.39,19.39,19.39,86,0.0,Kandy
2026-02-24,23.39,23.39,23.39,72,0.0,Kandy
2026-02-24,29.26,29.26,29.26,51,0.0,Kandy
2026-02-19,24.41,25.1,24.41,88,2.26,Matale
2026-02-19,23.55,23.55,23.29,93,2.51,Matale
2026-02-19,22.22,22.22,22.22,96,0.95,Matale
2026-02-19,22.03,22.03,22.03,97,0.27,Matale
2026-02-20,21.86,21.86,21.86,97,0.2,Matale
2026-02-20,22.05,22.05,22.05,97,0.0,Matale
2026-02-20,22.59,22.59,22.59,96,0.24,Matale
2026-02-20,23.35,23.35,23.35,95,2.61,Matale
2026-02-20,27.35,27.35,27.35,71,0.52,Matale
2026-02-20,23.4,23.4,23.4,90,0.25,Matale
2026-02-20,22.22,22.22,22.22,95,0.0,Matale
2026-02-20,22.39,22.39,22.39,95,0.0,Matale
2026-02-21,22.33,22.33,22.33,97,0.0,Matale
2026-02-21,22.19,22.19,22.19,98,0.0,Matale
2026-02-21,24.43,24.43,24.43,87,0.0,Matale
2026-02-21,28.23,28.23,28.23,75,1.13,Matale
2026-02-21,27.62,27.62,27.62,83,5.76,Matale
2026-02-21,23.46,23.46,23.46,97,6.82,Matale
2026-02-21,22.89,22.89,22.89,99,4.44,Matale
2026-02-21,22.55,22.55,22.55,99,1.19,Matale
2026-02-22,21.88,21.88,21.88,99,0.0,Matale
2026-02-22,21.56,21.56,21.56,97,0.0,Matale
2026-02-22,24.93,24.93,24.93,86,0.0,Matale
2026-02-22,29.47,29.47,29.47,65,0.45,Matale
2026-02-22,26.42,26.42,26.42,89,5.53,Matale
2026-02-22,23.27,23.27,23.27,97,8.68,Matale
2026-02-22,22.91,22.91,22.91,97,6.23,Matale
2026-02-22,22.63,22.63,22.63,97,5.13,Matale
2026-02-23,21.94,21.94,21.94,97,0.23,Matale
2026-02-23,21.11,21.11,21.11,98,0.0,Matale
2026-02-23,23.94,23.94,23.94,88,0.0,Matale
2026-02-23,29.16,29.16,29.16,67,0.42,Matale
2026-02-23,26.38,26.38,26.38,89,5.8,Matale
2026-02-23,22.93,22.93,22.93,97,10.52,Matale
2026-02-23,22.57,22.57,22.57,99,8.42,Matale
2026-02-23,22.34,22.34,22.34,99,0.17,Matale
2026-02-24,21.91,21.91,21.91,99,0.0,Matale
2026-02-24,21.48,21.48,21.48,98,0.0,Matale
2026-02-24,24.13,24.13,24.13,88,0.0,Matale
2026-02-24,29.5,29.5,29.5,64,0.0,Matale
2026-02-19,17.89,17.89,15.56,72,3.06,Nuwara Eliya
2026-02-19,15.08,15.08,13.09,87,3.77,Nuwara Eliya
2026-02-19,12.29,12.29,12.29,99,0.65,Nuwara Eliya
2026-02-19,12.41,12.41,12.41,98,0.15,Nuwara Eliya
2026-02-20,11.24,11.24,11.24,97,0.0,Nuwara Eliya
2026-02-20,11.73,11.73,11.73,98,0.16,Nuwara Eliya
2026-02-20,13.87,13.87,13.87,93,0.0,Nuwara Eliya
2026-02-20,15.26,15.26,15.26,91,1.15,Nuwara Eliya
2026-02-20,15.12,15.12,15.12,91,3.48,Nuwara Eliya
2026-02-20,13.81,13.81,13.81,97,1.58,Nuwara Eliya
2026-02-20,12.69,12.69,12.69,96,0.0,Nuwara Eliya
2026-02-20,12.12,12.12,12.12,96,1.27,Nuwara Eliya
2026-02-21,12.25,12.25,12.25,91,1.38,Nuwara Eliya
2026-02-21,12.32,12.32,12.32,91,0.0,Nuwara Eliya
2026-02-21,14.76,14.76,14.76,84,0.0,Nuwara Eliya
2026-02-21,17.22,17.22,17.22,77,0.62,Nuwara Eliya
2026-02-21,14.67,14.67,14.67,92,4.03,Nuwara Eliya
2026-02-21,14.06,14.06,14.06,94,4.04,Nuwara Eliya
2026-02-21,12.76,12.76,12.76,96,0.77,Nuwara Eliya
2026-02-21,12.89,12.89,12.89,94,0.63,Nuwara Eliya
2026-02-22,12.83,12.83,12.83,93,0.0,Nuwara Eliya
2026-02-22,12.47,12.47,12.47,93,0.0,Nuwara Eliya
2026-02-22,15.2,15.2,15.2,86,0.14,Nuwara Eliya
2026-02-22,16.57,16.57,16.57,86,2.95,Nuwara Eliya
2026-02-22,14.39,14.39,14.39,95,5.98,Nuwara Eliya
2026-02-22,13.42,13.42,13.42,98,9.12,Nuwara Eliya
2026-02-22,12.64,12.64,12.64,97,23.88,Nuwara Eliya
2026-02-22,12.61,12.61,12.61,96,3.81,Nuwara Eliya
2026-02-23,12.44,12.44,12.44,96,1.0,Nuwara Eliya
2026-02-23,12.31,12.31,12.31,93,0.0,Nuwara Eliya
2026-02-23,14.71,14.71,14.71,87,0.0,Nuwara Eliya
2026-02-23,16.69,16.69,16.69,84,1.1,Nuwara Eliya
2026-02-23,14.75,14.75,14.75,93,2.93,Nuwara Eliya
2026-02-23,13.77,13.77,13.77,97,5.75,Nuwara Eliya
2026-02-23,13.17,13.17,13.17,99,15.17,Nuwara Eliya
2026-02-23,12.66,12.66,12.66,96,17.57,Nuwara Eliya
2026-02-24,11.68,11.68,11.68,90,1.38,Nuwara Eliya
2026-02-24,11.25,11.25,11.25,79,0.0,Nuwara Eliya
2026-02-24,15.15,15.15,15.15,71,0.0,Nuwara Eliya
2026-02-24,18.65,18.65,18.65,60,0.0,Nuwara Eliya
2026-02-19,27.93,27.93,27.53,76,1.89,Galle
2026-02-19,26.48,26.48,25.65,81,3.67,Galle
2026-02-19,25.88,25.88,25.88,81,2.31,Galle
2026-02-19,25.66,25.66,25.66,83,0.0,Galle
2026-02-20,24.65,24.65,24.65,88,0.0,Galle
2026-02-20,24.6,24.6,24.6,89,0.29,Galle
2026-02-20,25.56,25.56,25.56,86,0.0,Galle
2026-02-20,27.42,27.42,27.42,76,0.68,Galle
2026-02-20,27.33,27.33,27.33,79,1.3,Galle
2026-02-20,26.68,26.68,26.68,82,1.64,Galle
2026-02-20,26.38,26.38,26.38,83,0.0,Galle
2026-02-20,25.97,25.97,25.97,84,0.26,Galle
2026-02-21,24.44,24.44,24.44,91,2.43,Galle
2026-02-21,24.35,24.35,24.35,90,0.0,Galle
2026-02-21,25.51,25.51,25.51,85,0.0,Galle
2026-02-21,28.48,28.48,28.48,69,0.38,Galle
2026-02-21,27.95,27.95,27.95,73,0.65,Galle
2026-02-21,26.64,26.64,26.64,80,1.11,Galle
2026-02-21,26.04,26.04,26.04,82,0.83,Galle
2026-02-21,25.31,25.31,25.31,86,0.1,Galle
2026-02-22,25.03,25.03,25.03,86,0.0,Galle
2026-02-22,25.08,25.08,25.08,85,0.79,Galle
2026-02-22,25.84,25.84,25.84,83,0.0,Galle
2026-02-22,27.53,27.53,27.53,73,0.0,Galle
2026-02-22,27.21,27.21,27.21,74,0.16,Galle
2026-02-22,26.91,26.91,26.91,78,0.54,Galle
2026-02-22,25.89,25.89,25.89,83,2.75,Galle
2026-02-22,25.88,25.88,25.88,82,0.29,Galle
2026-02-23,24.86,24.86,24.86,88,3.4,Galle
2026-02-23,24.9,24.9,24.9,88,1.92,Galle
2026-02-23,26.03,26.03,26.03,85,0.15,Galle
2026-02-23,26.01,26.01,26.01,86,1.81,Galle
2026-02-23,25.76,25.76,25.76,87,0.1,Galle
2026-02-23,25.99,25.99,25.99,86,0.0,Galle
2026-02-23,25.87,25.87,25.87,86,0.24,Galle
2026-02-23,25.07,25.07,25.07,89,0.33,Galle
2026-02-24,24.42,24.42,24.42,89,0.0,Galle
2026-02-24,24.24,24.24,24.24,90,0.0,Galle
2026-02-24,25.79,25.79,25.79,84,0.0,Galle
2026-02-24,29.4,29.4,29.4,68,0.0,Galle
2026-02-19,27.51,27.51,27.42,77,1.54,Matara
2026-02-19,27.32,27.32,27.2,79,3.48,Matara
2026-02-19,27.02,27.02,27.02,81,3.47,Matara
2026-02-19,26.65,26.65,26.65,79,0.56,Matara
2026-02-20,26.34,26.34,26.34,79,0.0,Matara
2026-02-20,26.17,26.17,26.17,79,0.0,Matara
2026-02-20,26.25,26.25,26.25,79,0.0,Matara
2026-02-20,27.23,27.23,27.23,76,0.0,Matara
2026-02-20,27.55,27.55,27.55,75,0.38,Matara
2026-02-20,27.64,27.64,27.64,76,1.15,Matara
2026-02-20,27.79,27.79,27.79,81,0.34,Matara
2026-02-20,26.93,26.93,26.93,80,0.0,Matara
2026-02-21,26.6,26.6,26.6,81,0.0,Matara
2026-02-21,26.55,26.55,26.55,82,0.0,Matara
2026-02-21,26.49,26.49,26.49,83,0.0,Matara
2026-02-21,26.27,26.27,26.27,83,1.66,Matara
2026-02-21,26.78,26.78,26.78,81,0.58,Matara
2026-02-21,26.88,26.88,26.88,80,1.01,Matara
2026-02-21,27.11,27.11,27.11,77,1.13,Matara
2026-02-21,27.06,27.06,27.06,77,0.0,Matara
2026-02-22,26.73,26.73,26.73,78,0.0,Matara
2026-02-22,26.78,26.78,26.78,77,0.0,Matara
2026-02-22,26.76,26.76,26.76,77,0.36,Matara
2026-02-22,26.97,26.97,26.97,78,0.15,Matara
2026-02-22,26.75,26.75,26.75,78,0.41,Matara
2026-02-22,27.06,27.06,27.06,77,0.2,Matara
2026-02-22,27.21,27.21,27.21,77,0.82,Matara
2026-02-22,27.1,27.1,27.1,78,1.74,Matara
2026-02-23,26.17,26.17,26.17,81,4.05,Matara
2026-02-23,26.51,26.51,26.51,80,1.01,Matara
2026-02-23,26.42,26.42,26.42,83,0.0,Matara
2026-02-23,26.4,26.4,26.4,83,0.12,Matara
2026-02-23,26.76,26.76,26.76,82,0.0,Matara
2026-02-23,26.83,26.83,26.83,82,0.0,Matara
2026-02-23,26.78,26.78,26.78,83,2.91,Matara
2026-02-23,26.21,26.21,26.21,85,1.22,Matara
2026-02-24,26.58,26.58,26.58,83,0.0,Matara
2026-02-24,26.81,26.81,26.81,82,0.0,Matara
2026-02-24,27.12,27.12,27.12,80,0.0,Matara
2026-02-24,27.07,27.07,27.07,81,0.12,Matara
2026-02-19,30.01,30.01,29.68,68,0.13,Hambantota
2026-02-19,28.87,28.87,28.21,73,0.92,Hambantota
2026-02-19,25.64,25.64,25.64,82,0.72,Hambantota
2026-02-19,25.27,25.27,25.27,81,0.0,Hambantota
2026-02-20,24.95,24.95,24.95,80,0.0,Hambantota
2026-02-20,25.33,25.33,25.33,79,0.0,Hambantota
2026-02-20,26.89,26.89,26.89,74,0.0,Hambantota
2026-02-20,30.09,30.09,30.09,62,0.0,Hambantota
2026-02-20,30.43,30.43,30.43,64,0.15,Hambantota
2026-02-20,28.29,28.29,28.29,69,0.84,Hambantota
2026-02-20,26.02,26.02,26.02,77,0.0,Hambantota
2026-02-20,25.42,25.42,25.42,81,0.0,Hambantota
2026-02-21,24.48,24.48,24.48,86,0.0,Hambantota
2026-02-21,24.0,24.0,24.0,88,0.0,Hambantota
2026-02-21,26.23,26.23,26.23,78,0.0,Hambantota
2026-02-21,28.17,28.17,28.17,68,0.0,Hambantota
2026-02-21,29.07,29.07,29.07,67,0.0,Hambantota
2026-02-21,27.77,27.77,27.77,72,0.0,Hambantota
2026-02-21,26.06,26.06,26.06,82,0.9,Hambantota
2026-02-21,25.5,25.5,25.5,84,0.33,Hambantota
2026-02-22,25.23,25.23,25.23,84,0.0,Hambantota
2026-02-22,25.07,25.07,25.07,84,0.0,Hambantota
2026-02-22,26.28,26.28,26.28,79,0.0,Hambantota
2026-02-22,26.29,26.29,26.29,79,0.0,Hambantota
2026-02-22,28.3,28.3,28.3,70,0.0,Hambantota
2026-02-22,27.44,27.44,27.44,74,0.24,Hambantota
2026-02-22,25.82,25.82,25.82,84,2.94,Hambantota
2026-02-22,24.4,24.4,24.4,91,1.5,Hambantota
2026-02-23,24.31,24.31,24.31,89,0.36,Hambantota
2026-02-23,24.96,24.96,24.96,85,0.15,Hambantota
2026-02-23,26.28,26.28,26.28,81,0.0,Hambantota
2026-02-23,28.11,28.11,28.11,72,0.0,Hambantota
2026-02-23,28.35,28.35,28.35,74,0.89,Hambantota
2026-02-23,25.97,25.97,25.97,86,8.18,Hambantota
2026-02-23,25.19,25.19,25.19,90,3.83,Hambantota
2026-02-23,24.82,24.82,24.82,91,1.18,Hambantota
2026-02-24,24.67,24.67,24.67,89,0.16,Hambantota
2026-02-24,24.85,24.85,24.85,88,0.0,Hambantota
2026-02-24,26.42,26.42,26.42,82,0.0,Hambantota
2026-02-24,28.76,28.76,28.76,71,0.3,Hambantota
2026-02-19,26.06,26.06,26.06,77,0.0,Jaffna
2026-02-19,26.06,26.06,26.06,78,0.16,Jaffna
2026-02-19,26.33,26.33,26.33,81,0.3,Jaffna
2026-02-19,26.39,26.39,26.39,82,0.0,Jaffna
2026-02-20,26.41,26.41,26.41,82,0.0,Jaffna
2026-02-20,26.36,26.36,26.36,82,0.0,Jaffna
2026-02-20,26.48,26.48,26.48,83,0.11,Jaffna
2026-02-20,26.33,26.33,26.33,84,1.16,Jaffna
2026-02-20,26.55,26.55,26.55,83,2.58,Jaffna
2026-02-20,26.28,26.28,26.28,84,2.59,Jaffna
2026-02-20,26.6,26.6,26.6,86,1.27,Jaffna
2026-02-20,26.43,26.43,26.43,86,1.14,Jaffna
2026-02-21,26.48,26.48,26.48,84,0.17,Jaffna
2026-02-21,26.54,26.54,26.54,84,0.35,Jaffna
2026-02-21,26.28,26.28,26.28,85,2.29,Jaffna
2026-02-21,25.98,25.98,25.98,87,4.49,Jaffna
2026-02-21,26.38,26.38,26.38,82,2.79,Jaffna
2026-02-21,26.69,26.69,26.69,82,0.0,Jaffna
2026-02-21,26.63,26.63,26.63,84,0.0,Jaffna
2026-02-21,26.49,26.49,26.49,84,0.14,Jaffna
2026-02-22,26.27,26.27,26.27,83,4.14,Jaffna
2026-02-22,26.1,26.1,26.1,84,0.66,Jaffna
2026-02-22,25.51,25.51,25.51,88,1.21,Jaffna
2026-02-22,26.4,26.4,26.4,80,1.96,Jaffna
2026-02-22,26.98,26.98,26.98,77,0.0,Jaffna
2026-02-22,27.4,27.4,27.4,77,0.0,Jaffna
2026-02-22,27.05,27.05,27.05,82,0.0,Jaffna
2026-02-22,26.65,26.65,26.65,82,0.91,Jaffna
2026-02-23,26.55,26.55,26.55,80,0.0,Jaffna
2026-02-23,26.21,26.21,26.21,82,0.37,Jaffna
2026-02-23,25.96,25.96,25.96,83,0.0,Jaffna
2026-02-23,25.73,25.73,25.73,84,0.0,Jaffna
2026-02-23,26.11,26.11,26.11,82,0.0,Jaffna
2026-02-23,26.74,26.74,26.74,81,0.0,Jaffna
2026-02-23,26.9,26.9,26.9,84,0.0,Jaffna
2026-02-23,26.69,26.69,26.69,84,0.0,Jaffna
2026-02-24,26.26,26.26,26.26,85,0.0,Jaffna
2026-02-24,26.36,26.36,26.36,83,0.0,Jaffna
2026-02-24,26.24,26.24,26.24,83,0.0,Jaffna
2026-02-24,26.28,26.28,26.28,82,0.0,Jaffna
2026-02-19,27.87,27.87,27.63,67,0.13,Kilinochchi
2026-02-19,26.44,26.44,25.66,75,0.26,Kilinochchi
2026-02-19,24.48,24.48,24.48,87,0.27,Kilinochchi
2026-02-19,24.59,24.59,24.59,86,0.0,Kilinochchi
2026-02-20,24.55,24.55,24.55,86,0.0,Kilinochchi
2026-02-20,24.82,24.82,24.82,86,0.0,Kilinochchi
2026-02-20,27.05,27.05,27.05,76,0.12,Kilinochchi
2026-02-20,28.32,28.32,28.32,69,0.25,Kilinochchi
2026-02-20,26.94,26.94,26.94,81,2.64,Kilinochchi
2026-02-20,25.07,25.07,25.07,91,2.13,Kilinochchi
2026-02-20,24.19,24.19,24.19,95,1.13,Kilinochchi
2026-02-20,24.42,24.42,24.42,94,2.04,Kilinochchi
2026-02-21,24.4,24.4,24.4,94,0.28,Kilinochchi
2026-02-21,24.21,24.21,24.21,94,0.53,Kilinochchi
2026-02-21,25.42,25.42,25.42,91,1.19,Kilinochchi
2026-02-21,25.88,25.88,25.88,89,4.58,Kilinochchi
2026-02-21,26.81,26.81,26.81,82,2.4,Kilinochchi
2026-02-21,26.35,26.35,26.35,83,0.0,Kilinochchi
2026-02-21,24.36,24.36,24.36,93,0.0,Kilinochchi
2026-02-21,24.11,24.11,24.11,95,0.85,Kilinochchi
2026-02-22,23.52,23.52,23.52,96,1.52,Kilinochchi
2026-02-22,23.41,23.41,23.41,96,0.38,Kilinochchi
2026-02-22,25.65,25.65,25.65,90,0.81,Kilinochchi
2026-02-22,27.93,27.93,27.93,81,4.88,Kilinochchi
2026-02-22,27.2,27.2,27.2,84,4.35,Kilinochchi
2026-02-22,25.86,25.86,25.86,90,1.09,Kilinochchi
2026-02-22,24.67,24.67,24.67,93,0.0,Kilinochchi
2026-02-22,24.11,24.11,24.11,93,0.0,Kilinochchi
2026-02-23,23.55,23.55,23.55,95,0.0,Kilinochchi
2026-02-23,23.05,23.05,23.05,96,0.0,Kilinochchi
2026-02-23,25.56,25.56,25.56,87,0.0,Kilinochchi
2026-02-23,30.01,30.01,30.01,65,0.0,Kilinochchi
2026-02-23,28.77,28.77,28.77,73,0.4,Kilinochchi
2026-02-23,26.37,26.37,26.37,83,0.33,Kilinochchi
2026-02-23,24.06,24.06,24.06,93,0.0,Kilinochchi
2026-02-23,23.65,23.65,23.65,95,0.0,Kilinochchi
2026-02-24,23.35,23.35,23.35,96,0.0,Kilinochchi
2026-02-24,23.32,23.32,23.32,95,0.0,Kilinochchi
2026-02-24,26.72,26.72,26.72,81,0.0,Kilinochchi
2026-02-24,30.63,30.63,30.63,60,0.0,Kilinochchi
2026-02-19,26.99,27.01,26.99,73,0.25,Mannar
2026-02-19,26.87,26.87,26.82,76,0.2,Mannar
2026-02-19,25.76,25.76,25.76,81,0.0,Mannar
2026-02-19,25.65,25.65,25.65,82,0.0,Mannar
2026-02-20,25.47,25.47,25.47,82,0.0,Mannar
2026-02-20,25.21,25.21,25.21,85,0.0,Mannar
2026-02-20,26.48,26.48,26.48,79,0.0,Mannar
2026-02-20,27.71,27.71,27.71,75,0.12,Mannar
2026-02-20,27.43,27.43,27.43,78,0.58,Mannar
2026-02-20,26.38,26.38,26.38,84,1.67,Mannar
2026-02-20,25.49,25.49,25.49,88,0.13,Mannar
2026-02-20,25.35,25.35,25.35,88,0.0,Mannar
2026-02-21,25.46,25.46,25.46,87,0.0,Mannar
2026-02-21,25.35,25.35,25.35,89,0.34,Mannar
2026-02-21,25.97,25.97,25.97,85,4.09,Mannar
2026-02-21,26.14,26.14,26.14,85,5.52,Mannar
2026-02-21,26.17,26.17,26.17,84,2.29,Mannar
2026-02-21,26.56,26.56,26.56,81,0.0,Mannar
2026-02-21,26.22,26.22,26.22,84,0.0,Mannar
2026-02-21,25.28,25.28,25.28,89,3.43,Mannar
2026-02-22,24.79,24.79,24.79,89,0.39,Mannar
2026-02-22,24.51,24.51,24.51,90,0.21,Mannar
2026-02-22,25.91,25.91,25.91,83,0.69,Mannar
2026-02-22,26.5,26.5,26.5,83,0.31,Mannar
2026-02-22,26.55,26.55,26.55,85,0.63,Mannar
2026-02-22,26.65,26.65,26.65,83,0.27,Mannar
2026-02-22,25.92,25.92,25.92,89,0.17,Mannar
2026-02-22,25.18,25.18,25.18,91,0.19,Mannar
2026-02-23,24.82,24.82,24.82,90,0.54,Mannar
2026-02-23,25.0,25.0,25.0,88,0.12,Mannar
2026-02-23,25.55,25.55,25.55,86,0.0,Mannar
2026-02-23,27.0,27.0,27.0,79,0.0,Mannar
2026-02-23,27.45,27.45,27.45,78,0.18,Mannar
2026-02-23,27.14,27.14,27.14,79,0.0,Mannar
2026-02-23,26.45,26.45,26.45,86,0.11,Mannar
2026-02-23,25.16,25.16,25.16,89,0.0,Mannar
2026-02-24,24.63,24.63,24.63,91,0.0,Mannar
2026-02-24,24.23,24.23,24.23,91,0.0,Mannar
2026-02-24,25.24,25.24,25.24,86,0.0,Mannar
2026-02-24,27.02,27.02,27.02,78,0.0,Mannar
2026-02-19,27.4,27.64,27.4,65,0.18,Vavuniya
2026-02-19,26.44,26.44,26.02,72,0.76,Vavuniya
2026-02-19,23.17,23.17,23.17,89,0.0,Vavuniya
2026-02-19,22.93,22.93,22.93,93,0.0,Vavuniya
2026-02-20,22.45,22.45,22.45,96,0.0,Vavuniya
2026-02-20,22.26,22.26,22.26,98,0.0,Vavuniya
2026-02-20,24.5,24.5,24.5,87,0.0,Vavuniya
2026-02-20,28.95,28.95,28.95,64,0.51,Vavuniya
2026-02-20,27.68,27.68,27.68,76,2.05,Vavuniya
2026-02-20,24.44,24.44,24.44,95,3.55,Vavuniya
2026-02-20,23.07,23.07,23.07,98,0.4,Vavuniya
2026-02-20,22.84,22.84,22.84,98,0.0,Vavuniya
2026-02-21,22.36,22.36,22.36,100,0.0,Vavuniya
2026-02-21,22.79,22.79,22.79,99,0.0,Vavuniya
2026-02-21,24.6,24.6,24.6,94,1.46,Vavuniya
2026-02-21,25.31,25.31,25.31,91,4.51,Vavuniya
2026-02-21,27.41,27.41,27.41,83,3.98,Vavuniya
2026-02-21,25.32,25.32,25.32,92,4.6,Vavuniya
2026-02-21,22.9,22.9,22.9,99,7.34,Vavuniya
2026-02-21,22.69,22.69,22.69,99,3.54,Vavuniya
2026-02-22,22.48,22.48,22.48,99,0.16,Vavuniya
2026-02-22,22.02,22.02,22.02,99,0.0,Vavuniya
2026-02-22,24.76,24.76,24.76,91,0.0,Vavuniya
2026-02-22,28.3,28.3,28.3,76,1.41,Vavuniya
2026-02-22,26.62,26.62,26.62,90,6.79,Vavuniya
2026-02-22,24.14,24.14,24.14,96,6.74,Vavuniya
2026-02-22,23.33,23.33,23.33,99,1.82,Vavuniya
2026-02-22,22.95,22.95,22.95,99,0.65,Vavuniya
2026-02-23,22.69,22.69,22.69,99,0.3,Vavuniya
2026-02-23,22.63,22.63,22.63,99,0.0,Vavuniya
2026-02-23,24.37,24.37,24.37,92,0.0,Vavuniya
2026-02-23,29.76,29.76,29.76,68,0.42,Vavuniya
2026-02-23,28.68,28.68,28.68,78,1.68,Vavuniya
2026-02-23,25.35,25.35,25.35,93,1.48,Vavuniya
2026-02-23,23.3,23.3,23.3,98,0.0,Vavuniya
2026-02-23,22.77,22.77,22.77,99,0.0,Vavuniya
2026-02-24,22.72,22.72,22.72,99,0.0,Vavuniya
2026-02-24,22.4,22.4,22.4,99,0.0,Vavuniya
2026-02-24,25.34,25.34,25.34,88,0.0,Vavuniya
2026-02-24,31.79,31.79,31.79,53,0.0,Vavuniya
2026-02-19,26.59,26.65,26.59,79,0.63,Mullaitivu
2026-02-19,26.67,26.72,26.67,80,0.42,Mullaitivu
2026-02-19,26.65,26.65,26.65,81,0.81,Mullaitivu
2026-02-19,26.27,26.27,26.27,83,3.29,Mullaitivu
2026-02-20,26.23,26.23,26.23,84,5.16,Mullaitivu
2026-02-20,26.41,26.41,26.41,80,3.86,Mullaitivu
2026-02-20,26.69,26.69,26.69,81,2.78,Mullaitivu
2026-02-20,26.22,26.22,26.22,85,5.08,Mullaitivu
2026-02-20,26.38,26.38,26.38,84,7.78,Mullaitivu
2026-02-20,26.25,26.25,26.25,84,5.85,Mullaitivu
2026-02-20,26.0,26.0,26.0,86,4.63,Mullaitivu
2026-02-20,25.26,25.26,25.26,91,3.7,Mullaitivu
2026-02-21,25.9,25.9,25.9,84,0.48,Mullaitivu
2026-02-21,25.91,25.91,25.91,83,2.32,Mullaitivu
2026-02-21,26.21,26.21,26.21,83,1.97,Mullaitivu
2026-02-21,26.31,26.31,26.31,82,1.46,Mullaitivu
2026-02-21,26.86,26.86,26.86,77,0.0,Mullaitivu
2026-02-21,27.35,27.35,27.35,76,0.1,Mullaitivu
2026-02-21,26.58,26.58,26.58,82,2.79,Mullaitivu
2026-02-21,26.2,26.2,26.2,83,4.75,Mullaitivu
2026-02-22,25.83,25.83,25.83,82,2.08,Mullaitivu
2026-02-22,25.42,25.42,25.42,84,0.51,Mullaitivu
2026-02-22,25.91,25.91,25.91,84,0.36,Mullaitivu
2026-02-22,26.28,26.28,26.28,81,1.41,Mullaitivu
2026-02-22,26.93,26.93,26.93,78,0.17,Mullaitivu
2026-02-22,27.17,27.17,27.17,76,0.32,Mullaitivu
2026-02-22,26.72,26.72,26.72,81,1.86,Mullaitivu
2026-02-22,25.75,25.75,25.75,85,3.92,Mullaitivu
2026-02-23,25.63,25.63,25.63,85,2.36,Mullaitivu
2026-02-23,25.67,25.67,25.67,84,0.58,Mullaitivu
2026-02-23,26.0,26.0,26.0,81,0.21,Mullaitivu
2026-02-23,26.09,26.09,26.09,81,1.35,Mullaitivu
2026-02-23,26.95,26.95,26.95,77,2.09,Mullaitivu
2026-02-23,26.16,26.16,26.16,84,0.17,Mullaitivu
2026-02-23,26.13,26.13,26.13,83,0.0,Mullaitivu
2026-02-23,26.16,26.16,26.16,83,0.0,Mullaitivu
2026-02-24,26.03,26.03,26.03,82,0.0,Mullaitivu
2026-02-24,26.26,26.26,26.26,77,0.0,Mullaitivu
2026-02-24,26.49,26.49,26.49,82,0.0,Mullaitivu
2026-02-24,26.48,26.48,26.48,81,0.42,Mullaitivu
2026-02-19,26.65,26.65,26.56,82,2.98,Batticaloa
2026-02-19,26.12,26.12,25.83,83,3.67,Batticaloa
2026-02-19,25.25,25.25,25.25,87,1.79,Batticaloa
2026-02-19,24.9,24.9,24.9,90,5.27,Batticaloa
2026-02-20,24.42,24.42,24.42,92,6.26,Batticaloa
2026-02-20,24.07,24.07,24.07,93,6.06,Batticaloa
2026-02-20,24.14,24.14,24.14,93,6.07,Batticaloa
2026-02-20,24.39,24.39,24.39,93,4.96,Batticaloa
2026-02-20,24.22,24.22,24.22,93,4.74,Batticaloa
2026-02-20,25.07,25.07,25.07,88,2.08,Batticaloa
2026-02-20,24.73,24.73,24.73,89,0.46,Batticaloa
2026-02-20,24.54,24.54,24.54,92,0.68,Batticaloa
2026-02-21,24.39,24.39,24.39,91,1.29,Batticaloa
2026-02-21,23.9,23.9,23.9,93,0.55,Batticaloa
2026-02-21,25.27,25.27,25.27,88,0.0,Batticaloa
2026-02-21,27.85,27.85,27.85,75,0.37,Batticaloa
2026-02-21,28.12,28.12,28.12,76,1.85,Batticaloa
2026-02-21,26.37,26.37,26.37,85,4.11,Batticaloa
2026-02-21,25.03,25.03,25.03,89,7.42,Batticaloa
2026-02-21,24.82,24.82,24.82,90,4.98,Batticaloa
2026-02-22,24.15,24.15,24.15,93,2.51,Batticaloa
2026-02-22,23.75,23.75,23.75,95,6.14,Batticaloa
2026-02-22,24.9,24.9,24.9,89,1.8,Batticaloa
2026-02-22,27.29,27.29,27.29,81,1.34,Batticaloa
2026-02-22,27.54,27.54,27.54,79,2.35,Batticaloa
2026-02-22,26.41,26.41,26.41,84,5.09,Batticaloa
2026-02-22,25.83,25.83,25.83,85,4.11,Batticaloa
2026-02-22,24.6,24.6,24.6,91,3.41,Batticaloa
2026-02-23,23.88,23.88,23.88,94,1.53,Batticaloa
2026-02-23,24.14,24.14,24.14,92,0.19,Batticaloa
2026-02-23,24.87,24.87,24.87,88,0.0,Batticaloa
2026-02-23,26.69,26.69,26.69,79,0.78,Batticaloa
2026-02-23,27.09,27.09,27.09,77,0.56,Batticaloa
2026-02-23,25.59,25.59,25.59,87,0.1,Batticaloa
2026-02-23,25.21,25.21,25.21,87,0.24,Batticaloa
2026-02-23,25.04,25.04,25.04,88,0.0,Batticaloa
2026-02-24,24.84,24.84,24.84,88,0.0,Batticaloa
2026-02-24,25.01,25.01,25.01,86,0.0,Batticaloa
2026-02-24,26.31,26.31,26.31,79,0.0,Batticaloa
2026-02-24,27.5,27.5,27.5,72,0.0,Batticaloa
2026-02-19,26.35,26.5,26.35,85,2.65,Ampara
2026-02-19,25.35,25.35,24.89,89,2.95,Ampara
2026-02-19,23.04,23.04,23.04,95,2.01,Ampara
2026-02-19,22.66,22.66,22.66,97,2.26,Ampara
2026-02-20,22.31,22.31,22.31,98,2.5,Ampara
2026-02-20,22.39,22.39,22.39,98,0.65,Ampara
2026-02-20,23.87,23.87,23.87,94,0.0,Ampara
2026-02-20,24.34,24.34,24.34,91,1.44,Ampara
2026-02-20,23.75,23.75,23.75,95,4.64,Ampara
2026-02-20,23.17,23.17,23.17,98,3.32,Ampara
2026-02-20,22.97,22.97,22.97,96,0.19,Ampara
2026-02-20,22.61,22.61,22.61,98,1.03,Ampara
2026-02-21,22.47,22.47,22.47,99,3.08,Ampara
2026-02-21,22.52,22.52,22.52,98,0.79,Ampara
2026-02-21,24.82,24.82,24.82,90,0.0,Ampara
2026-02-21,29.35,29.35,29.35,69,0.15,Ampara
2026-02-21,28.95,28.95,28.95,75,1.79,Ampara
2026-02-21,26.1,26.1,26.1,88,2.15,Ampara
2026-02-21,24.26,24.26,24.26,92,5.81,Ampara
2026-02-21,23.56,23.56,23.56,96,4.69,Ampara
2026-02-22,23.07,23.07,23.07,98,3.19,Ampara
2026-02-22,23.15,23.15,23.15,97,1.55,Ampara
2026-02-22,24.92,24.92,24.92,91,0.19,Ampara
2026-02-22,26.33,26.33,26.33,85,0.32,Ampara
2026-02-22,27.98,27.98,27.98,77,0.99,Ampara
2026-02-22,26.09,26.09,26.09,89,5.28,Ampara
2026-02-22,24.26,24.26,24.26,93,3.68,Ampara
2026-02-22,23.43,23.43,23.43,95,1.79,Ampara
2026-02-23,23.12,23.12,23.12,96,0.52,Ampara
2026-02-23,23.09,23.09,23.09,96,0.25,Ampara
2026-02-23,23.72,23.72,23.72,95,0.0,Ampara
2026-02-23,25.62,25.62,25.62,88,1.7,Ampara
2026-02-23,27.26,27.26,27.26,77,1.63,Ampara
2026-02-23,24.84,24.84,24.84,92,0.24,Ampara
2026-02-23,23.7,23.7,23.7,95,0.6,Ampara
2026-02-23,23.58,23.58,23.58,96,0.81,Ampara
2026-02-24,23.16,23.16,23.16,96,0.41,Ampara
2026-02-24,23.22,23.22,23.22,95,0.0,Ampara
2026-02-24,25.24,25.24,25.24,89,0.0,Ampara
2026-02-24,28.97,28.97,28.97,72,1.08,Ampara
2026-02-19,26.38,26.45,26.38,78,0.1,Trincomalee
2026-02-19,26.54,26.64,26.54,80,0.44,Trincomalee
2026-02-19,26.39,26.39,26.39,81,0.57,Trincomalee
2026-02-19,26.63,26.63,26.63,81,1.85,Trincomalee
2026-02-20,26.2,26.2,26.2,82,2.5,Trincomalee
2026-02-20,26.35,26.35,26.35,82,3.17,Trincomalee
2026-02-20,26.55,26.55,26.55,81,4.07,Trincomalee
2026-02-20,26.84,26.84,26.84,79,1.14,Trincomalee
2026-02-20,25.88,25.88,25.88,86,5.77,Trincomalee
2026-02-20,26.22,26.22,26.22,85,5.86,Trincomalee
2026-02-20,26.42,26.42,26.42,83,4.17,Trincomalee
2026-02-20,25.9,25.9,25.9,85,2.36,Trincomalee
2026-02-21,26.39,26.39,26.39,83,0.17,Trincomalee
2026-02-21,26.1,26.1,26.1,85,1.36,Trincomalee
2026-02-21,25.83,25.83,25.83,84,2.71,Trincomalee
2026-02-21,26.57,26.57,26.57,80,1.79,Trincomalee
2026-02-21,26.9,26.9,26.9,78,1.0,Trincomalee
2026-02-21,26.76,26.76,26.76,78,2.08,Trincomalee
2026-02-21,25.91,25.91,25.91,84,7.12,Trincomalee
2026-02-21,25.17,25.17,25.17,87,2.89,Trincomalee
2026-02-22,24.34,24.34,24.34,88,1.06,Trincomalee
2026-02-22,24.37,24.37,24.37,85,0.26,Trincomalee
2026-02-22,24.96,24.96,24.96,86,0.0,Trincomalee
2026-02-22,27.72,27.72,27.72,76,0.43,Trincomalee
2026-02-22,26.83,26.83,26.83,81,5.4,Trincomalee
2026-02-22,26.46,26.46,26.46,81,5.97,Trincomalee
2026-02-22,25.34,25.34,25.34,88,1.71,Trincomalee
2026-02-22,24.11,24.11,24.11,95,10.87,Trincomalee
2026-02-23,24.46,24.46,24.46,91,4.01,Trincomalee
2026-02-23,24.77,24.77,24.77,88,0.24,Trincomalee
2026-02-23,25.2,25.2,25.2,85,0.0,Trincomalee
2026-02-23,26.08,26.08,26.08,81,0.73,Trincomalee
2026-02-23,26.89,26.89,26.89,76,0.5,Trincomalee
2026-02-23,27.03,27.03,27.03,78,0.0,Trincomalee
2026-02-23,26.31,26.31,26.31,83,0.0,Trincomalee
2026-02-23,26.11,26.11,26.11,84,0.0,Trincomalee
2026-02-24,25.66,25.66,25.66,86,0.0,Trincomalee
2026-02-24,26.34,26.34,26.34,80,0.0,Trincomalee
2026-02-24,26.41,26.41,26.41,79,0.0,Trincomalee
2026-02-24,26.18,26.18,26.18,81,0.0,Trincomalee
2026-02-19,24.34,25.55,24.34,85,0.74,Kurunegala
2026-02-19,23.47,23.47,23.33,90,1.09,Kurunegala
2026-02-19,21.59,21.59,21.59,99,0.41,Kurunegala
2026-02-19,20.99,20.99,20.99,98,0.18,Kurunegala
2026-02-20,20.91,20.91,20.91,98,0.0,Kurunegala
2026-02-20,21.24,21.24,21.24,99,0.68,Kurunegala
2026-02-20,21.88,21.88,21.88,98,0.36,Kurunegala
2026-02-20,25.45,25.45,25.45,81,0.58,Kurunegala
2026-02-20,26.04,26.04,26.04,80,1.17,Kurunegala
2026-02-20,22.06,22.06,22.06,97,1.92,Kurunegala
2026-02-20,21.16,21.16,21.16,98,0.0,Kurunegala
2026-02-20,21.32,21.32,21.32,99,0.0,Kurunegala
2026-02-21,21.5,21.5,21.5,98,1.26,Kurunegala
2026-02-21,21.4,21.4,21.4,99,0.98,Kurunegala
2026-02-21,22.87,22.87,22.87,96,0.68,Kurunegala
2026-02-21,28.84,28.84,28.84,67,1.21,Kurunegala
2026-02-21,26.25,26.25,26.25,88,3.28,Kurunegala
2026-02-21,22.69,22.69,22.69,98,4.84,Kurunegala
2026-02-21,22.15,22.15,22.15,100,4.72,Kurunegala
2026-02-21,21.88,21.88,21.88,99,0.98,Kurunegala
2026-02-22,21.47,21.47,21.47,98,0.0,Kurunegala
2026-02-22,21.03,21.03,21.03,97,0.0,Kurunegala
2026-02-22,24.88,24.88,24.88,84,0.0,Kurunegala
2026-02-22,29.12,29.12,29.12,63,0.32,Kurunegala
2026-02-22,25.02,25.02,25.02,94,4.17,Kurunegala
2026-02-22,22.96,22.96,22.96,98,6.22,Kurunegala
2026-02-22,21.99,21.99,21.99,100,6.61,Kurunegala
2026-02-22,21.76,21.76,21.76,99,7.61,Kurunegala
2026-02-23,21.11,21.11,21.11,99,5.14,Kurunegala
2026-02-23,20.45,20.45,20.45,98,0.0,Kurunegala
2026-02-23,23.74,23.74,23.74,89,0.0,Kurunegala
2026-02-23,28.5,28.5,28.5,69,0.65,Kurunegala
2026-02-23,25.67,25.67,25.67,92,6.02,Kurunegala
2026-02-23,22.36,22.36,22.36,99,9.78,Kurunegala
2026-02-23,21.93,21.93,21.93,99,4.21,Kurunegala
2026-02-23,21.68,21.68,21.68,98,0.0,Kurunegala
2026-02-24,20.35,20.35,20.35,94,0.0,Kurunegala
2026-02-24,19.72,19.72,19.72,91,0.0,Kurunegala
2026-02-24,24.05,24.05,24.05,75,0.0,Kurunegala
2026-02-24,30.78,30.78,30.78,52,0.0,Kurunegala
2026-02-19,28.69,28.69,28.29,66,0.15,Puttalam
2026-02-19,27.96,27.96,27.49,71,0.0,Puttalam
2026-02-19,25.89,25.89,25.89,78,0.0,Puttalam
2026-02-19,25.51,25.51,25.51,80,0.0,Puttalam
2026-02-20,24.94,24.94,24.94,84,0.0,Puttalam
2026-02-20,24.83,24.83,24.83,86,0.0,Puttalam
2026-02-20,24.63,24.63,24.63,89,0.17,Puttalam
2026-02-20,25.46,25.46,25.46,85,0.48,Puttalam
2026-02-20,26.56,26.56,26.56,78,0.13,Puttalam
2026-02-20,26.93,26.93,26.93,77,0.0,Puttalam
2026-02-20,25.8,25.8,25.8,84,0.0,Puttalam
2026-02-20,24.93,24.93,24.93,88,0.0,Puttalam
2026-02-21,24.6,24.6,24.6,89,0.0,Puttalam
2026-02-21,24.2,24.2,24.2,92,0.0,Puttalam
2026-02-21,25.94,25.94,25.94,84,0.0,Puttalam
2026-02-21,27.68,27.68,27.68,75,3.2,Puttalam
2026-02-21,27.25,27.25,27.25,78,4.48,Puttalam
2026-02-21,26.08,26.08,26.08,85,1.45,Puttalam
2026-02-21,26.11,26.11,26.11,83,1.65,Puttalam
2026-02-21,24.56,24.56,24.56,92,0.52,Puttalam
2026-02-22,24.41,24.41,24.41,90,0.56,Puttalam
2026-02-22,24.94,24.94,24.94,87,0.0,Puttalam
2026-02-22,26.46,26.46,26.46,80,0.0,Puttalam
2026-02-22,27.67,27.67,27.67,76,0.89,Puttalam
2026-02-22,27.36,27.36,27.36,77,0.18,Puttalam
2026-02-22,26.5,26.5,26.5,82,0.0,Puttalam
2026-02-22,26.34,26.34,26.34,81,2.81,Puttalam
2026-02-22,25.61,25.61,25.61,85,0.58,Puttalam
2026-02-23,25.34,25.34,25.34,86,1.77,Puttalam
2026-02-23,25.74,25.74,25.74,84,0.0,Puttalam
2026-02-23,26.34,26.34,26.34,83,0.52,Puttalam
2026-02-23,27.71,27.71,27.71,76,0.84,Puttalam
2026-02-23,27.26,27.26,27.26,78,0.0,Puttalam
2026-02-23,27.03,27.03,27.03,79,0.0,Puttalam
2026-02-23,26.18,26.18,26.18,84,0.0,Puttalam
2026-02-23,25.23,25.23,25.23,88,0.0,Puttalam
2026-02-24,24.69,24.69,24.69,89,0.0,Puttalam
2026-02-24,24.36,24.36,24.36,89,0.0,Puttalam
2026-02-24,25.55,25.55,25.55,82,0.0,Puttalam
2026-02-24,28.62,28.62,28.62,69,0.0,Puttalam
2026-02-19,29.32,29.32,28.99,58,0.31,Anuradhapura
2026-02-19,26.23,26.23,24.6,76,1.79,Anuradhapura
2026-02-19,22.59,22.59,22.59,95,0.0,Anuradhapura
2026-02-19,22.31,22.31,22.31,96,0.0,Anuradhapura
2026-02-20,22.33,22.33,22.33,97,0.0,Anuradhapura
2026-02-20,22.18,22.18,22.18,97,0.0,Anuradhapura
2026-02-20,23.72,23.72,23.72,92,0.0,Anuradhapura
2026-02-20,25.27,25.27,25.27,84,0.27,Anuradhapura
2026-02-20,26.83,26.83,26.83,79,1.23,Anuradhapura
2026-02-20,24.58,24.58,24.58,91,3.89,Anuradhapura
2026-02-20,22.97,22.97,22.97,97,1.4,Anuradhapura
2026-02-20,23.01,23.01,23.01,96,0.0,Anuradhapura
2026-02-21,22.46,22.46,22.46,98,0.0,Anuradhapura
2026-02-21,22.44,22.44,22.44,98,0.0,Anuradhapura
2026-02-21,24.46,24.46,24.46,91,0.4,Anuradhapura
2026-02-21,27.89,27.89,27.89,74,4.05,Anuradhapura
2026-02-21,26.91,26.91,26.91,80,3.78,Anuradhapura
2026-02-21,25.5,25.5,25.5,88,4.55,Anuradhapura
2026-02-21,23.17,23.17,23.17,98,8.14,Anuradhapura
2026-02-21,22.47,22.47,22.47,97,4.77,Anuradhapura
2026-02-22,22.44,22.44,22.44,95,0.53,Anuradhapura
2026-02-22,22.33,22.33,22.33,95,0.0,Anuradhapura
2026-02-22,25.11,25.11,25.11,86,0.0,Anuradhapura
2026-02-22,28.83,28.83,28.83,71,1.19,Anuradhapura
2026-02-22,27.69,27.69,27.69,80,6.39,Anuradhapura
2026-02-22,24.48,24.48,24.48,93,7.37,Anuradhapura
2026-02-22,23.44,23.44,23.44,97,6.3,Anuradhapura
2026-02-22,23.34,23.34,23.34,96,0.0,Anuradhapura
2026-02-23,23.01,23.01,23.01,96,0.1,Anuradhapura
2026-02-23,22.47,22.47,22.47,96,0.0,Anuradhapura
2026-02-23,24.41,24.41,24.41,89,0.0,Anuradhapura
2026-02-23,28.21,28.21,28.21,73,0.13,Anuradhapura
2026-02-23,28.04,28.04,28.04,76,2.12,Anuradhapura
2026-02-23,25.88,25.88,25.88,88,3.04,Anuradhapura
2026-02-23,23.63,23.63,23.63,95,0.14,Anuradhapura
2026-02-23,23.18,23.18,23.18,96,0.0,Anuradhapura
2026-02-24,22.71,22.71,22.71,97,0.0,Anuradhapura
2026-02-24,22.16,22.16,22.16,98,0.0,Anuradhapura
2026-02-24,24.93,24.93,24.93,88,0.0,Anuradhapura
2026-02-24,29.48,29.48,29.48,65,0.0,Anuradhapura
2026-02-19,27.48,27.48,26.48,77,3.57,Polonnaruwa
2026-02-19,25.59,25.59,24.39,86,4.06,Polonnaruwa
2026-02-19,22.59,22.59,22.59,97,2.08,Polonnaruwa
2026-02-19,22.28,22.28,22.28,97,0.82,Polonnaruwa
2026-02-20,22.29,22.29,22.29,99,1.34,Polonnaruwa
2026-02-20,22.26,22.26,22.26,99,1.62,Polonnaruwa
2026-02-20,22.59,22.59,22.59,99,5.45,Polonnaruwa
2026-02-20,24.18,24.18,24.18,94,1.92,Polonnaruwa
2026-02-20,24.78,24.78,24.78,91,1.96,Polonnaruwa
2026-02-20,23.95,23.95,23.95,95,2.73,Polonnaruwa
2026-02-20,22.89,22.89,22.89,97,0.32,Polonnaruwa
2026-02-20,22.93,22.93,22.93,97,0.0,Polonnaruwa
2026-02-21,22.86,22.86,22.86,98,0.0,Polonnaruwa
2026-02-21,23.04,23.04,23.04,97,0.12,Polonnaruwa
2026-02-21,24.71,24.71,24.71,91,0.13,Polonnaruwa
2026-02-21,30.62,30.62,30.62,65,0.11,Polonnaruwa
2026-02-21,28.37,28.37,28.37,79,7.04,Polonnaruwa
2026-02-21,24.54,24.54,24.54,92,9.3,Polonnaruwa
2026-02-21,23.52,23.52,23.52,97,5.75,Polonnaruwa
2026-02-21,23.3,23.3,23.3,97,1.36,Polonnaruwa
2026-02-22,22.93,22.93,22.93,96,0.49,Polonnaruwa
2026-02-22,22.95,22.95,22.95,97,0.0,Polonnaruwa
2026-02-22,25.6,25.6,25.6,88,0.0,Polonnaruwa
2026-02-22,29.08,29.08,29.08,74,3.07,Polonnaruwa
2026-02-22,27.75,27.75,27.75,82,5.64,Polonnaruwa
2026-02-22,24.41,24.41,24.41,94,11.34,Polonnaruwa
2026-02-22,23.63,23.63,23.63,97,12.73,Polonnaruwa
2026-02-22,23.22,23.22,23.22,99,15.54,Polonnaruwa
2026-02-23,22.89,22.89,22.89,99,3.38,Polonnaruwa
2026-02-23,22.93,22.93,22.93,97,0.0,Polonnaruwa
2026-02-23,24.3,24.3,24.3,91,0.0,Polonnaruwa
2026-02-23,27.08,27.08,27.08,78,0.27,Polonnaruwa
2026-02-23,27.0,27.0,27.0,81,2.88,Polonnaruwa
2026-02-23,24.36,24.36,24.36,92,4.68,Polonnaruwa
2026-02-23,23.71,23.71,23.71,95,2.1,Polonnaruwa
2026-02-23,23.02,23.02,23.02,97,0.0,Polonnaruwa
2026-02-24,22.78,22.78,22.78,98,0.0,Polonnaruwa
2026-02-24,22.45,22.45,22.45,98,0.0,Polonnaruwa
2026-02-24,25.03,25.03,25.03,91,0.0,Polonnaruwa
2026-02-24,29.35,29.35,29.35,69,0.24,Polonnaruwa
2026-02-19,26.37,26.37,26.18,77,1.81,Badulla
2026-02-19,24.5,24.5,23.52,87,2.6,Badulla
2026-02-19,21.44,21.44,21.44,97,0.72,Badulla
2026-02-19,21.04,21.04,21.04,97,0.0,Badulla
2026-02-20,21.09,21.09,21.09,96,0.0,Badulla
2026-02-20,21.03,21.03,21.03,97,0.14,Badulla
2026-02-20,22.78,22.78,22.78,94,0.0,Badulla
2026-02-20,26.73,26.73,26.73,76,0.29,Badulla
2026-02-20,24.94,24.94,24.94,84,1.23,Badulla
2026-02-20,22.4,22.4,22.4,94,0.45,Badulla
2026-02-20,21.65,21.65,21.65,95,0.51,Badulla
2026-02-20,21.9,21.9,21.9,95,0.11,Badulla
2026-02-21,21.68,21.68,21.68,95,0.49,Badulla
2026-02-21,21.5,21.5,21.5,96,0.0,Badulla
2026-02-21,24.41,24.41,24.41,85,0.0,Badulla
2026-02-21,28.0,28.0,28.0,70,0.63,Badulla
2026-02-21,27.88,27.88,27.88,74,2.69,Badulla
2026-02-21,24.49,24.49,24.49,89,4.96,Badulla
2026-02-21,23.01,23.01,23.01,94,2.35,Badulla
2026-02-21,22.56,22.56,22.56,94,1.56,Badulla
2026-02-22,22.16,22.16,22.16,95,2.26,Badulla
2026-02-22,22.25,22.25,22.25,93,0.0,Badulla
2026-02-22,23.52,23.52,23.52,90,0.14,Badulla
2026-02-22,25.32,25.32,25.32,85,1.03,Badulla
2026-02-22,26.27,26.27,26.27,79,1.45,Badulla
2026-02-22,24.7,24.7,24.7,88,3.02,Badulla
2026-02-22,22.22,22.22,22.22,95,2.43,Badulla
2026-02-22,21.98,21.98,21.98,94,1.28,Badulla
2026-02-23,21.83,21.83,21.83,93,0.0,Badulla
2026-02-23,22.01,22.01,22.01,91,0.0,Badulla
2026-02-23,23.24,23.24,23.24,89,0.0,Badulla
2026-02-23,26.53,26.53,26.53,77,0.41,Badulla
2026-02-23,27.31,27.31,27.31,75,2.77,Badulla
2026-02-23,23.32,23.32,23.32,94,3.07,Badulla
2026-02-23,22.32,22.32,22.32,99,9.25,Badulla
2026-02-23,22.3,22.3,22.3,97,10.27,Badulla
2026-02-24,21.67,21.67,21.67,89,1.07,Badulla
2026-02-24,21.51,21.51,21.51,86,0.0,Badulla
2026-02-24,23.11,23.11,23.11,86,0.0,Badulla
2026-02-24,27.97,27.97,27.97,67,0.15,Badulla
2026-02-19,28.22,28.56,28.22,69,0.47,Monaragala
2026-02-19,25.98,25.98,24.95,82,1.25,Monaragala
2026-02-19,22.69,22.69,22.69,93,0.36,Monaragala
2026-02-19,22.4,22.4,22.4,91,0.0,Monaragala
2026-02-20,22.23,22.23,22.23,92,0.0,Monaragala
2026-02-20,22.27,22.27,22.27,91,0.0,Monaragala
2026-02-20,24.58,24.58,24.58,85,0.0,Monaragala
2026-02-20,29.13,29.13,29.13,65,0.0,Monaragala
2026-02-20,27.81,27.81,27.81,71,0.15,Monaragala
2026-02-20,24.18,24.18,24.18,87,0.2,Monaragala
2026-02-20,23.1,23.1,23.1,89,0.23,Monaragala
2026-02-20,23.23,23.23,23.23,88,0.0,Monaragala
2026-02-21,22.48,22.48,22.48,93,0.0,Monaragala
2026-02-21,22.48,22.48,22.48,93,0.0,Monaragala
2026-02-21,25.24,25.24,25.24,82,0.0,Monaragala
2026-02-21,30.52,30.52,30.52,60,0.13,Monaragala
2026-02-21,29.38,29.38,29.38,68,2.27,Monaragala
2026-02-21,25.81,25.81,25.81,85,3.98,Monaragala
2026-02-21,24.03,24.03,24.03,93,1.04,Monaragala
2026-02-21,23.55,23.55,23.55,94,0.39,Monaragala
2026-02-22,23.23,23.23,23.23,94,0.56,Monaragala
2026-02-22,23.0,23.0,23.0,94,0.0,Monaragala
2026-02-22,25.23,25.23,25.23,86,0.27,Monaragala
2026-02-22,27.59,27.59,27.59,72,0.0,Monaragala
2026-02-22,28.53,28.53,28.53,67,0.0,Monaragala
2026-02-22,25.41,25.41,25.41,87,0.94,Monaragala
2026-02-22,23.28,23.28,23.28,94,0.25,Monaragala
2026-02-22,22.86,22.86,22.86,93,0.16,Monaragala
2026-02-23,22.74,22.74,22.74,92,0.0,Monaragala
2026-02-23,22.67,22.67,22.67,92,0.0,Monaragala
2026-02-23,23.9,23.9,23.9,89,0.0,Monaragala
2026-02-23,27.91,27.91,27.91,71,0.0,Monaragala
2026-02-23,28.05,28.05,28.05,73,2.13,Monaragala
2026-02-23,24.43,24.43,24.43,92,1.27,Monaragala
2026-02-23,23.43,23.43,23.43,96,2.43,Monaragala
2026-02-23,22.99,22.99,22.99,97,9.02,Monaragala
2026-02-24,22.68,22.68,22.68,93,0.99,Monaragala
2026-02-24,22.06,22.06,22.06,93,0.0,Monaragala
2026-02-24,24.92,24.92,24.92,85,0.0,Monaragala
2026-02-24,29.58,29.58,29.58,63,0.21,Monaragala
2026-02-19,30.5,30.5,27.59,63,1.54,Ratnapura
2026-02-19,26.96,26.96,24.46,81,4.19,Ratnapura
2026-02-19,23.79,23.79,23.79,96,2.36,Ratnapura
2026-02-19,23.58,23.58,23.58,95,0.0,Ratnapura
2026-02-20,23.14,23.14,23.14,96,0.0,Ratnapura
2026-02-20,22.61,22.61,22.61,95,0.0,Ratnapura
2026-02-20,25.0,25.0,25.0,88,0.0,Ratnapura
2026-02-20,31.42,31.42,31.42,58,0.23,Ratnapura
2026-02-20,27.75,27.75,27.75,85,3.65,Ratnapura
2026-02-20,25.51,25.51,25.51,93,4.06,Ratnapura
2026-02-20,24.07,24.07,24.07,95,0.21,Ratnapura
2026-02-20,23.67,23.67,23.67,97,0.28,Ratnapura
2026-02-21,23.15,23.15,23.15,98,1.25,Ratnapura
2026-02-21,22.74,22.74,22.74,96,0.21,Ratnapura
2026-02-21,24.47,24.47,24.47,92,0.15,Ratnapura
2026-02-21,28.51,28.51,28.51,80,2.51,Ratnapura
2026-02-21,27.24,27.24,27.24,88,4.12,Ratnapura
2026-02-21,24.73,24.73,24.73,97,5.31,Ratnapura
2026-02-21,23.63,23.63,23.63,99,3.47,Ratnapura
2026-02-21,23.33,23.33,23.33,98,0.51,Ratnapura
2026-02-22,22.96,22.96,22.96,97,0.0,Ratnapura
2026-02-22,22.86,22.86,22.86,96,0.0,Ratnapura
2026-02-22,26.26,26.26,26.26,84,0.0,Ratnapura
2026-02-22,29.22,29.22,29.22,74,1.96,Ratnapura
2026-02-22,26.51,26.51,26.51,92,7.25,Ratnapura
2026-02-22,24.14,24.14,24.14,97,5.85,Ratnapura
2026-02-22,23.58,23.58,23.58,98,3.43,Ratnapura
2026-02-22,23.18,23.18,23.18,98,3.75,Ratnapura
2026-02-23,22.79,22.79,22.79,97,0.76,Ratnapura
2026-02-23,22.49,22.49,22.49,97,0.22,Ratnapura
2026-02-23,24.46,24.46,24.46,93,0.0,Ratnapura
2026-02-23,28.41,28.41,28.41,75,0.64,Ratnapura
2026-02-23,26.64,26.64,26.64,91,4.74,Ratnapura
2026-02-23,24.82,24.82,24.82,96,1.83,Ratnapura
2026-02-23,23.75,23.75,23.75,97,0.76,Ratnapura
2026-02-23,23.44,23.44,23.44,96,0.25,Ratnapura
2026-02-24,23.02,23.02,23.02,94,0.0,Ratnapura
2026-02-24,22.07,22.07,22.07,95,0.0,Ratnapura
2026-02-24,25.76,25.76,25.76,85,0.0,Ratnapura
2026-02-24,31.59,31.59,31.59,58,0.21,Ratnapura
2026-02-19,22.32,22.45,22.32,89,2.46,Kegalle
2026-02-19,21.71,21.71,21.44,91,2.26,Kegalle
2026-02-19,19.88,19.88,19.88,98,0.68,Kegalle
2026-02-19,18.77,18.77,18.77,98,0.17,Kegalle
2026-02-20,19.12,19.12,19.12,96,0.0,Kegalle
2026-02-20,19.52,19.52,19.52,97,0.51,Kegalle
2026-02-20,20.54,20.54,20.54,94,0.13,Kegalle
2026-02-20,23.54,23.54,23.54,80,0.17,Kegalle
2026-02-20,22.75,22.75,22.75,84,1.7,Kegalle
2026-02-20,20.25,20.25,20.25,97,2.41,Kegalle
2026-02-20,19.5,19.5,19.5,96,0.0,Kegalle
2026-02-20,19.58,19.58,19.58,96,0.13,Kegalle
2026-02-21,19.76,19.76,19.76,94,0.99,Kegalle
2026-02-21,19.2,19.2,19.2,98,1.67,Kegalle
2026-02-21,22.07,22.07,22.07,87,0.22,Kegalle
2026-02-21,24.38,24.38,24.38,81,2.23,Kegalle
2026-02-21,25.14,25.14,25.14,78,3.94,Kegalle
2026-02-21,22.02,22.02,22.02,93,6.12,Kegalle
2026-02-21,20.52,20.52,20.52,96,4.22,Kegalle
2026-02-21,20.66,20.66,20.66,94,1.63,Kegalle
2026-02-22,20.21,20.21,20.21,95,0.29,Kegalle
2026-02-22,19.93,19.93,19.93,92,0.0,Kegalle
2026-02-22,22.55,22.55,22.55,84,0.0,Kegalle
2026-02-22,25.45,25.45,25.45,74,1.16,Kegalle
2026-02-22,23.32,23.32,23.32,87,3.73,Kegalle
2026-02-22,22.09,22.09,22.09,93,4.52,Kegalle
2026-02-22,20.58,20.58,20.58,95,6.66,Kegalle
2026-02-22,20.18,20.18,20.18,96,6.42,Kegalle
2026-02-23,19.91,19.91,19.91,94,2.54,Kegalle
2026-02-23,19.55,19.55,19.55,92,0.0,Kegalle
2026-02-23,22.01,22.01,22.01,86,0.0,Kegalle
2026-02-23,25.09,25.09,25.09,77,0.85,Kegalle
2026-02-23,24.25,24.25,24.25,83,4.91,Kegalle
2026-02-23,21.02,21.02,21.02,95,7.85,Kegalle
2026-02-23,20.2,20.2,20.2,98,6.94,Kegalle
2026-02-23,20.37,20.37,20.37,92,4.04,Kegalle
2026-02-24,19.39,19.39,19.39,84,0.28,Kegalle
2026-02-24,19.22,19.22,19.22,80,0.0,Kegalle
2026-02-24,22.36,22.36,22.36,72,0.0,Kegalle
2026-02-24,26.59,26.59,26.59,63,0.0,Kegalle
