week_id,date,actual,predicted,lower_bound,upper_bound
238,2024-07-20,2,5.987552388435734,0.0,12.604268342193308
238,2024-07-20,9,5.98547136998136,0.0,12.605352482521546
238,2024-07-20,2,5.983392253342663,0.0,12.606431233623605
238,2024-07-20,20,5.981315036781597,0.0,12.607504614737381
238,2024-07-20,12,5.979239718561707,0.0,12.608572645019256
239,2024-07-27,15,5.977166296948123,0.0,12.609635343544547
239,2024-07-27,2,5.975094770207564,0.0,12.610692729307974
239,2024-07-27,15,5.973025136608326,0.0,12.611744821224095
239,2024-07-27,4,5.970957394420295,0.0,12.612791638127781
239,2024-07-27,4,5.9688915419149335,0.0,12.613833198774639
239,2024-07-27,14,5.966827577365285,0.0,12.614869521841472
239,2024-07-27,7,5.964765499045972,0.0,12.615900625926708
239,2024-07-27,7,5.962705305233193,0.0,12.616926529550842
239,2024-07-27,5,5.960646994204723,0.0,12.617947251156867
239,2024-07-27,7,5.958590564239907,0.0,12.618962809110707
239,2024-07-27,3,5.956536013619668,0.0,12.619973221701645
239,2024-07-27,1,5.9544833406264965,0.0,12.620978507142745
239,2024-07-27,1,5.952432543544454,0.0,12.621978683571271
239,2024-07-27,0,5.950383620659169,0.0,12.622973769049107
239,2024-07-27,18,5.948336570257839,0.0,12.623963781563178
239,2024-07-27,0,5.946291390629223,0.0,12.624948739025852
239,2024-07-27,15,5.944248080063648,0.0,12.625928659275356
239,2024-07-27,0,5.942206636853001,0.0,12.62690356007618
239,2024-07-27,3,5.94016705929073,0.0,12.62787345911948
239,2024-07-27,2,5.938129345671845,0.0,12.62883837402348
239,2024-07-27,0,5.93609349429291,0.0,12.62979832233387
239,2024-07-27,6,5.934059503452051,0.0,12.6307533215242
239,2024-07-27,24,5.932027371448944,0.0,12.631703388996268
239,2024-07-27,10,5.929997096584822,0.0,12.63264854208051
239,2024-07-27,3,5.927968677162471,0.0,12.6335887980364
240,2024-08-03,3,5.925942111486226,0.0,12.634524174052814
240,2024-08-03,2,5.923917397861972,0.0,12.635454687248423
240,2024-08-03,7,5.921894534597143,0.0,12.636380354672067
240,2024-08-03,1,5.9198735200007215,0.0,12.637301193303134
240,2024-08-03,3,5.917854352383231,0.0,12.638217220051928
240,2024-08-03,3,5.915837030056743,0.0,12.639128451760044
240,2024-08-03,3,5.91382155133487,0.0,12.64003490520074
240,2024-08-03,0,5.911807914532765,0.0,12.640936597079282
240,2024-08-03,15,5.9097961179671215,0.0,12.641833544033338
240,2024-08-03,10,5.9077861599561725,0.0,12.64272576263331
240,2024-08-03,7,5.905778038819685,0.0,12.643613269382707
240,2024-08-03,6,5.903771752878965,0.0,12.644496080718497
240,2024-08-03,3,5.90176730045685,0.0,12.64537421301146
240,2024-08-03,2,5.899764679877712,0.0,12.646247682566534
240,2024-08-03,7,5.897763889467452,0.0,12.64711650562317
240,2024-08-03,0,5.895764927553505,0.0,12.647980698355676
240,2024-08-03,16,5.89376779246483,0.0,12.64884027687355
240,2024-08-03,0,5.891772482531915,0.0,12.649695257221836
240,2024-08-03,5,5.8897789960867755,0.0,12.650545655381453
240,2024-08-03,2,5.887787331462949,0.0,12.651391487269535
240,2024-08-03,7,5.8857974869954965,0.0,12.652232768739761
240,2024-08-03,1,5.883809461021001,0.0,12.65306951558269
240,2024-08-03,13,5.881823251877566,0.0,12.653901743526093
240,2024-08-03,0,5.8798388579048115,0.0,12.65472946823527
240,2024-08-03,5,5.877856277443878,0.0,12.655552705313386
241,2024-08-10,6,5.875875508837421,0.0,12.656371470301785
241,2024-08-10,21,5.87389655042961,0.0,12.65718577868032
241,2024-08-10,14,5.871919400566126,0.0,12.657995645867661
241,2024-08-10,4,5.869944057594167,0.0,12.658801087221619
241,2024-08-10,7,5.867970519862437,0.0,12.659602118039452
241,2024-08-10,4,5.86599878572115,0.0,12.660398753558187
241,2024-08-10,2,5.864028853522028,0.0,12.661191008954926
241,2024-08-10,1,5.862060721618301,0.0,12.661978899347144
241,2024-08-10,5,5.860094388364701,0.0,12.662762439793013
241,2024-08-10,11,5.858129852117466,0.0,12.663541645291692
241,2024-08-10,25,5.856167111234335,0.0,12.66431653078363
241,2024-08-10,0,5.854206164074548,0.0,12.665087111150875
241,2024-08-10,3,5.8522470089988445,0.0,12.665853401217355
241,2024-08-10,1,5.850289644369463,0.0,12.666615415749192
241,2024-08-10,3,5.848334068550136,0.0,12.667373169454983
241,2024-08-10,3,5.846380279906095,0.0,12.668126676986098
241,2024-08-10,6,5.844428276804063,0.0,12.668875952936968
241,2024-08-10,5,5.842478057612257,0.0,12.669621011845374
241,2024-08-10,19,5.840529620700384,0.0,12.670361868192725
241,2024-08-10,3,5.838582964439642,0.0,12.67109853640436
241,2024-08-10,7,5.836638087202717,0.0,12.67183103084981
241,2024-08-10,0,5.834694987363783,0.0,12.672559365843094
241,2024-08-10,1,5.832753663298497,0.0,12.673283555642987
241,2024-08-10,11,5.830814113384005,0.0,12.674003614453305
241,2024-08-10,7,5.828876335998933,0.0,12.674719556423176
242,2024-08-17,0,5.826940329523389,0.0,12.675431395647308
242,2024-08-17,8,5.825006092338961,0.0,12.676139146166275
242,2024-08-17,6,5.823073622828717,0.0,12.676842821966773
242,2024-08-17,5,5.8211429193772055,0.0,12.67754243698189
242,2024-08-17,4,5.819213980370446,0.0,12.67823800509138
242,2024-08-17,6,5.817286804195935,0.0,12.67892954012192
242,2024-08-17,9,5.815361389242644,0.0,12.679617055847377
242,2024-08-17,3,5.813437733901015,0.0,12.68030056598906
242,2024-08-17,22,5.811515836562963,0.0,12.680980084215998
242,2024-08-17,3,5.809595695621871,0.0,12.68165562414518
242,2024-08-17,8,5.80767730947259,0.0,12.682327199341813
242,2024-08-17,0,5.80576067651144,0.0,12.682994823319593
242,2024-08-17,6,5.803845795136203,0.0,12.683658509540933
242,2024-08-17,11,5.80193266374613,0.0,12.68431827141724
242,2024-08-17,1,5.80002128074193,0.0,12.68497412230914
242,2024-08-17,8,5.798111644525779,0.0,12.685626075526745
242,2024-08-17,8,5.796203753501306,0.0,12.686274144329886
242,2024-08-17,15,5.794297606073606,0.0,12.686918341928372
242,2024-08-17,3,5.792393200649228,0.0,12.687558681482225
242,2024-08-17,9,5.790490535636177,0.0,12.688195176101912
242,2024-08-17,1,5.788589609443915,0.0,12.688827838848606
242,2024-08-17,3,5.786690420483355,0.0,12.689456682734411
242,2024-08-17,1,5.784792967166865,0.0,12.690081720722603
242,2024-08-17,3,5.782897247908261,0.0,12.690702965727866
242,2024-08-17,0,5.781003261122812,0.0,12.691320430616525
243,2024-08-24,4,5.779111005227231,0.0,12.69193412820678
243,2024-08-24,1,5.777220478639682,0.0,12.692544071268937
243,2024-08-24,2,5.7753316797797725,0.0,12.693150272525639
243,2024-08-24,5,5.773444607068554,0.0,12.693752744652093
243,2024-08-24,22,5.771559258928523,0.0,12.694351500276298
243,2024-08-24,9,5.769675633783614,0.0,12.694946551979267
243,2024-08-24,4,5.767793730059207,0.0,12.695537912295261
243,2024-08-24,3,5.765913546182116,0.0,12.696125593712004
243,2024-08-24,7,5.764035080580596,0.0,12.6967096086709
243,2024-08-24,0,5.762158331684338,0.0,12.697289969567269
243,2024-08-24,1,5.760283297924467,0.0,12.697866688750551
243,2024-08-24,1,5.758409977733541,0.0,12.698439778524524
243,2024-08-24,9,5.756538369545551,0.0,12.69900925114753
243,2024-08-24,2,5.754668471795923,0.0,12.699575118832689
243,2024-08-24,17,5.752800282921507,0.0,12.7001373937481
243,2024-08-24,2,5.750933801360586,0.0,12.700696088017065
243,2024-08-24,3,5.749069025552867,0.0,12.701251213718294
243,2024-08-24,4,5.747205953939484,0.0,12.701802782886116
243,2024-08-24,6,5.745344584962997,0.0,12.702350807510694
243,2024-08-24,6,5.743484917067389,0.0,12.70289529953822
243,2024-08-24,0,5.7416269486980624,0.0,12.70343627087113
243,2024-08-24,0,5.739770678301845,0.0,12.703973733368304
243,2024-08-24,24,5.7379161043269775,0.0,12.704507698845267
243,2024-08-24,1,5.736063225223126,0.0,12.705038179074403
243,2024-08-24,12,5.734212039441369,0.0,12.705565185785142
244,2024-08-31,7,5.732362545434199,0.0,12.706088730664163
244,2024-08-31,1,5.730514741655528,0.0,12.706608825355602
244,2024-08-31,1,5.728668626560678,0.0,12.707125481461237
244,2024-08-31,6,5.726824198606382,0.0,12.707638710540689
244,2024-08-31,10,5.724981456250784,0.0,12.708148524111618
244,2024-08-31,16,5.723140397953438,0.0,12.708654933649917
244,2024-08-31,6,5.721301022175306,0.0,12.709157950589901
244,2024-08-31,6,5.719463327378753,0.0,12.709657586324502
244,2024-08-31,8,5.7176273120275525,0.0,12.710153852205455
244,2024-08-31,2,5.715792974586884,0.0,12.710646759543497
244,2024-08-31,4,5.713960313523323,0.0,12.711136319608539
244,2024-08-31,5,5.7121293273048535,0.0,12.71162254362987
244,2024-08-31,14,5.710300014400855,0.0,12.71210544279633
244,2024-08-31,3,5.708472373282106,0.0,12.712585028256502
244,2024-08-31,0,5.706646402420787,0.0,12.713061311118892
244,2024-08-31,14,5.7048221002904675,0.0,12.71353430245211
244,2024-08-31,11,5.702999465366119,0.0,12.714004013285063
244,2024-08-31,19,5.701178496124102,0.0,12.714470454607117
244,2024-08-31,5,5.699359191042172,0.0,12.71493363736829
244,2024-08-31,3,5.6975415485994745,0.0,12.715393572479424
244,2024-08-31,0,5.695725567276544,0.0,12.715850270812371
244,2024-08-31,2,5.693911245555307,0.0,12.716303743200152
244,2024-08-31,6,5.6920985819190735,0.0,12.716754000437152
244,2024-08-31,6,5.690287574852542,0.0,12.717201053279284
244,2024-08-31,4,5.688478222841794,0.0,12.717644912444156
245,2024-09-07,3,5.686670524374296,0.0,12.718085588611256
245,2024-09-07,5,5.684864477938898,0.0,12.718523092422117
245,2024-09-07,1,5.683060082025827,0.0,12.718957434480489
245,2024-09-07,4,5.681257335126693,0.0,12.719388625352499
245,2024-09-07,2,5.679456235734484,0.0,12.719816675566836
245,2024-09-07,2,5.677656782343565,0.0,12.720241595614905
245,2024-09-07,17,5.675858973449675,0.0,12.720663395950996
245,2024-09-07,13,5.674062807549932,0.0,12.721082086992453
245,2024-09-07,13,5.672268283142825,0.0,12.721497679119835
245,2024-09-07,11,5.670475398728213,0.0,12.721910182677082
245,2024-09-07,0,5.668684152807329,0.0,12.72231960797167
245,2024-09-07,20,5.666894543882776,0.0,12.722725965274787
245,2024-09-07,0,5.665106570458524,0.0,12.723129264821477
245,2024-09-07,12,5.66332023103991,0.0,12.723529516810812
245,2024-09-07,1,5.661535524133638,0.0,12.723926731406046
245,2024-09-07,3,5.659752448247776,0.0,12.724320918734772
245,2024-09-07,7,5.657971001891755,0.0,12.72471208888908
245,2024-09-07,11,5.656191183576371,0.0,12.725100251925715
245,2024-09-07,6,5.654412991813777,0.0,12.725485417866231
245,2024-09-07,6,5.652636425117487,0.0,12.725867596697139
245,2024-09-07,6,5.650861482002376,0.0,12.726246798370074
245,2024-09-07,1,5.6490881609846735,0.0,12.726623032801935
245,2024-09-07,21,5.6473164605819655,0.0,12.726996309875048
245,2024-09-07,16,5.645546379313193,0.0,12.7273666394373
245,2024-09-07,0,5.643777915698651,0.0,12.727734031302305
246,2024-09-14,4,5.642011068259986,0.0,12.728098495249553
246,2024-09-14,6,5.640245835520197,0.0,12.728460041024544
246,2024-09-14,4,5.63848221600363,0.0,12.72881867833895
246,2024-09-14,1,5.636720208235982,0.0,12.729174416870753
246,2024-09-14,8,5.634959810744297,0.0,12.729527266264398
246,2024-09-14,5,5.633201022056965,0.0,12.729877236130932
246,2024-09-14,3,5.631443840703719,0.0,12.730224336048146
246,2024-09-14,0,5.6296882652156395,0.0,12.730568575560733
246,2024-09-14,5,5.627934294125145,0.0,12.730909964180412
246,2024-09-14,7,5.626181925966,0.0,12.731248511386081
246,2024-09-14,3,5.624431159273304,0.0,12.731584226623957
246,2024-09-14,2,5.622681992583499,0.0,12.731917119307711
246,2024-09-14,4,5.620934424434363,0.0,12.732247198818618
246,2024-09-14,2,5.619188453365011,0.0,12.73257447450568
246,2024-09-14,11,5.6174440779158905,0.0,12.73289895568578
246,2024-09-14,0,5.615701296628787,0.0,12.733220651643812
246,2024-09-14,5,5.6139601080468156,0.0,12.73353957163281
246,2024-09-14,6,5.612220510714424,0.0,12.733855724874102
246,2024-09-14,9,5.610482503177391,0.0,12.734169120557429
246,2024-09-14,6,5.608746083982822,0.0,12.734479767841085
246,2024-09-14,20,5.607011251679151,0.0,12.73478767585205
246,2024-09-14,1,5.6052780048161415,0.0,12.735092853686123
246,2024-09-14,0,5.603546341944877,0.0,12.735395310408055
246,2024-09-14,0,5.6018162616177705,0.0,12.735695055051682
246,2024-09-14,0,5.600087762388553,0.0,12.735992096620045
247,2024-09-21,0,5.598360842812283,0.0,12.736286444085533
247,2024-09-21,6,5.596635501445333,0.0,12.73657810639001
247,2024-09-21,21,5.5949117368454,0.0,12.736867092444939
247,2024-09-21,21,5.593189547571496,0.0,12.737153411131505
247,2024-09-21,2,5.591468932183952,0.0,12.737437071300757
247,2024-09-21,6,5.589749889244414,0.0,12.737718081773725
247,2024-09-21,0,5.588032417315841,0.0,12.73799645134154
247,2024-09-21,0,5.586316514962507,0.0,12.738272188765572
247,2024-09-21,13,5.584602180749998,0.0,12.738545302777549
247,2024-09-21,14,5.58288941324521,0.0,12.738815802079674
247,2024-09-21,1,5.581178211016351,0.0,12.739083695344766
247,2024-09-21,6,5.579468572632932,0.0,12.739348991216355
247,2024-09-21,11,5.577760496665778,0.0,12.739611698308831
247,2024-09-21,11,5.576053981687016,0.0,12.739871825207546
247,2024-09-21,3,5.57434902627008,0.0,12.74012938046895
247,2024-09-21,3,5.572645628989706,0.0,12.7403843726207
247,2024-09-21,12,5.570943788421933,0.0,12.740636810161774
247,2024-09-21,2,5.569243503144102,0.0,12.740886701562609
247,2024-09-21,3,5.567544771734854,0.0,12.7411340552652
247,2024-09-21,27,5.565847592774128,0.0,12.741378879683232
247,2024-09-21,22,5.564151964843162,0.0,12.74162118320218
247,2024-09-21,26,5.5624578865244905,0.0,12.741860974179442
247,2024-09-21,0,5.560765356401943,0.0,12.742098260944447
247,2024-09-21,6,5.559074373060641,0.0,12.742333051798765
247,2024-09-21,5,5.557384935087004,0.0,12.742565355016229
248,2024-09-28,1,5.55569704106874,0.0,12.74279517884305
248,2024-09-28,0,5.554010689594848,0.0,12.743022531497918
248,2024-09-28,8,5.552325879255616,0.0,12.743247421172128
248,2024-09-28,12,5.550642608642622,0.0,12.743469856029686
248,2024-09-28,11,5.548960876348731,0.0,12.743689844207417
248,2024-09-28,19,5.547280680968091,0.0,12.743907393815082
248,2024-09-28,0,5.545602021096139,0.0,12.744122512935487
248,2024-09-28,3,5.543924895329591,0.0,12.744335209624587
248,2024-09-28,5,5.542249302266452,0.0,12.744545491911605
248,2024-09-28,2,5.540575240506001,0.0,12.744753367799127
248,2024-09-28,11,5.538902708648802,0.0,12.744958845263223
248,2024-09-28,5,5.537231705296696,0.0,12.745161932253545
248,2024-09-28,1,5.535562229052802,0.0,12.745362636693441
248,2024-09-28,22,5.533894278521515,0.0,12.745560966480054
248,2024-09-28,21,5.532227852308507,0.0,12.745756929484436
248,2024-09-28,2,5.530562949020724,0.0,12.745950533551643
248,2024-09-28,2,5.528899567266383,0.0,12.746141786500846
248,2024-09-28,6,5.527237705654975,0.0,12.746330696125437
248,2024-09-28,7,5.525577362797261,0.0,12.746517270193129
248,2024-09-28,2,5.523918537305272,0.0,12.746701516446059
248,2024-09-28,6,5.522261227792307,0.0,12.746883442600884
248,2024-09-28,14,5.520605432872934,0.0,12.747063056348903
248,2024-09-28,17,5.518951151162982,0.0,12.747240365356134
248,2024-09-28,2,5.517298381279552,0.0,12.74741537726343
248,2024-09-28,6,5.515647121841004,0.0,12.747588099686578
249,2024-10-05,1,5.513997371466963,0.0,12.747758540216394
249,2024-10-05,22,5.512349128778314,0.0,12.747926706418822
249,2024-10-05,2,5.510702392397202,0.0,12.74809260583504
249,2024-10-05,0,5.509057160947034,0.0,12.748256245981551
249,2024-10-05,7,5.507413433052472,0.0,12.748417634350286
249,2024-10-05,4,5.5057712073394365,0.0,12.748576778408697
249,2024-10-05,9,5.5041304824351025,0.0,12.748733685599856
249,2024-10-05,5,5.502491256967902,0.0,12.748888363342553
249,2024-10-05,9,5.500853529567518,0.0,12.74904081903139
249,2024-10-05,10,5.499217298864886,0.0,12.74919106003687
249,2024-10-05,0,5.497582563492195,0.0,12.749339093705508
249,2024-10-05,13,5.495949322082882,0.0,12.749484927359916
249,2024-10-05,13,5.4943175732716325,0.0,12.749628568298887
249,2024-10-05,5,5.492687315694381,0.0,12.749770023797506
249,2024-10-05,8,5.491058547988309,0.0,12.749909301107234
249,2024-10-05,9,5.489431268791841,0.0,12.750046407456002
249,2024-10-05,1,5.487805476744648,0.0,12.750181350048303
249,2024-10-05,8,5.486181170487645,0.0,12.750314136065285
249,2024-10-05,10,5.484558348662986,0.0,12.750444772664835
249,2024-10-05,11,5.482937009914068,0.0,12.750573266981686
249,2024-10-05,2,5.481317152885529,0.0,12.750699626127489
249,2024-10-05,0,5.479698776223241,0.0,12.750823857190912
249,2024-10-05,9,5.478081878574319,0.0,12.75094596723773
249,2024-10-05,3,5.476466458587111,0.0,12.751065963310914
249,2024-10-05,18,5.474852514911201,0.0,12.751183852430714
250,2024-10-12,2,5.473240046197408,0.0,12.75129964159475
250,2024-10-12,6,5.471629051097783,0.0,12.751413337778107
250,2024-10-12,8,5.47001952826561,0.0,12.751524947933408
250,2024-10-12,22,5.4684114763554,0.0,12.751634478990912
250,2024-10-12,1,5.4668048940229,0.0,12.751741937858597
250,2024-10-12,3,5.465199779925081,0.0,12.751847331422248
250,2024-10-12,1,5.463596132720141,0.0,12.751950666545534
250,2024-10-12,18,5.461993951067509,0.0,12.752051950070104
250,2024-10-12,11,5.460393233627832,0.0,12.752151188815667
250,2024-10-12,0,5.458793979062987,0.0,12.752248389580075
250,2024-10-12,0,5.457196186036071,0.0,12.752343559139407
250,2024-10-12,4,5.455599853211403,0.0,12.752436704248055
250,2024-10-12,1,5.454004979254526,0.0,12.752527831638812
250,2024-10-12,2,5.4524115628321965,0.0,12.752616948022933
250,2024-10-12,20,5.450819602612393,0.0,12.752704060090245
250,2024-10-12,0,5.449229097264313,0.0,12.752789174509216
250,2024-10-12,3,5.447640045458367,0.0,12.75287229792703
250,2024-10-12,16,5.446052445866181,0.0,12.752953436969682
250,2024-10-12,5,5.444466297160597,0.0,12.753032598242044
250,2024-10-12,2,5.442881598015667,0.0,12.753109788327961
250,2024-10-12,6,5.441298347106658,0.0,12.753185013790315
250,2024-10-12,18,5.4397165431100465,0.0,12.753258281171123
250,2024-10-12,4,5.438136184703516,0.0,12.75332959699159
250,2024-10-12,9,5.436557270565962,0.0,12.753398967752215
250,2024-10-12,2,5.434979799377485,0.0,12.753466399932853
251,2024-10-19,3,5.433403769819394,0.0,12.753531899992797
251,2024-10-19,1,5.4318291805742005,0.0,12.753595474370861
251,2024-10-19,4,5.430256030325622,0.0,12.753657129485447
251,2024-10-19,29,5.428684317758577,0.0,12.753716871734625
251,2024-10-19,25,5.427114041559189,0.0,12.753774707496216
251,2024-10-19,6,5.4255452004147795,0.0,12.753830643127866
251,2024-10-19,2,5.4239777930138695,0.0,12.753884684967115
251,2024-10-19,13,5.42241181804618,0.0,12.75393683933148
251,2024-10-19,2,5.42084727420263,0.0,12.75398711251852
251,2024-10-19,17,5.419284160175332,0.0,12.754035510805927
251,2024-10-19,1,5.417722474657597,0.0,12.754082040451587
251,2024-10-19,4,5.416162216343928,0.0,12.754126707693658
251,2024-10-19,0,5.414603383930022,0.0,12.754169518750642
251,2024-10-19,0,5.413045976112768,0.0,12.754210479821467
251,2024-10-19,20,5.411489991590244,0.0,12.754249597085543
251,2024-10-19,15,5.409935429061722,0.0,12.754286876702851
251,2024-10-19,1,5.408382287227659,0.0,12.754322324814009
251,2024-10-19,6,5.406830564789701,0.0,12.754355947540343
251,2024-10-19,1,5.405280260450679,0.0,12.754387750983955
251,2024-10-19,0,5.4037313729146135,0.0,12.754417741227808
251,2024-10-19,4,5.402183900886705,0.0,12.75444592433578
251,2024-10-19,4,5.400637843073339,0.0,12.754472306352742
251,2024-10-19,14,5.399093198182083,0.0,12.75449689330463
251,2024-10-19,6,5.397549964921687,0.0,12.75451969119852
251,2024-10-19,5,5.39600814200208,0.0,12.75454070602268
252,2024-10-26,2,5.3944677281343685,0.0,12.75455994374666
252,2024-10-26,2,5.392928722030839,0.0,12.754577410321343
252,2024-10-26,2,5.391391122404954,0.0,12.754593111679029
252,2024-10-26,15,5.389854927971353,0.0,12.75460705373349
252,2024-10-26,14,5.388320137445847,0.0,12.75461924238005
252,2024-10-26,7,5.386786749545425,0.0,12.754629683495644
252,2024-10-26,5,5.385254762988245,0.0,12.75463838293889
252,2024-10-26,0,5.3837241764936365,0.0,12.754645346550149
252,2024-10-26,4,5.382194988782103,0.0,12.754650580151605
252,2024-10-26,19,5.3806671985753125,0.0,12.754654089547321
252,2024-10-26,0,5.379140804596106,0.0,12.754655880523305
252,2024-10-26,1,5.377615805568487,0.0,12.75465595884758
252,2024-10-26,0,5.376092200217628,0.0,12.75465433027025
252,2024-10-26,13,5.374569987269867,0.0,12.754651000523562
252,2024-10-26,4,5.373049165452704,0.0,12.754645975321974
252,2024-10-26,4,5.371529733494803,0.0,12.754639260362218
252,2024-10-26,19,5.370011690125991,0.0,12.75463086132336
252,2024-10-26,0,5.368495034077252,0.0,12.754620783866873
252,2024-10-26,5,5.366979764080734,0.0,12.754609033636694
252,2024-10-26,1,5.365465878869742,0.0,12.75459561625929
252,2024-10-26,11,5.363953377178737,0.0,12.754580537343726
252,2024-10-26,2,5.362442257743339,0.0,12.754563802481716
252,2024-10-26,10,5.360932519300324,0.0,12.754545417247694
252,2024-10-26,8,5.359424160587619,0.0,12.754525387198878
252,2024-10-26,0,5.357917180344307,0.0,12.754503717875325
253,2024-11-02,2,5.356411577310624,0.0,12.754480414799998
253,2024-11-02,7,5.354907350227954,0.0,12.754455483478825
253,2024-11-02,6,5.353404497838834,0.0,12.754428929400765
253,2024-11-02,1,5.351903018886951,0.0,12.754400758037864
253,2024-11-02,41,5.350402912117136,0.0,12.754370974845308
253,2024-11-02,11,5.348904176275372,0.0,12.75433958526151
253,2024-11-02,6,5.347406810108785,0.0,12.754306594708137
253,2024-11-02,3,5.345910812365645,0.0,12.754272008590188
253,2024-11-02,1,5.34441618179537,0.0,12.754235832296061
253,2024-11-02,20,5.342922917148517,0.0,12.754198071197587
253,2024-11-02,0,5.341431017176786,0.0,12.754158730650115
253,2024-11-02,16,5.339940480633021,0.0,12.75411781599256
253,2024-11-02,5,5.3384513062712,0.0,12.754075332547453
253,2024-11-02,10,5.336963492846444,0.0,12.754031285621016
253,2024-11-02,1,5.335477039115009,0.0,12.753985680503206
253,2024-11-02,8,5.333991943834291,0.0,12.753938522467786
253,2024-11-02,4,5.332508205762818,0.0,12.753889816772368
253,2024-11-02,8,5.331025823660255,0.0,12.753839568658478
253,2024-11-02,17,5.329544796287399,0.0,12.753787783351616
253,2024-11-02,6,5.32806512240618,0.0,12.753734466061303
253,2024-11-02,5,5.32658680077966,0.0,12.753679621981153
253,2024-11-02,0,5.325109830172032,0.0,12.75362325628891
253,2024-11-02,9,5.323634209348617,0.0,12.753565374146518
253,2024-11-02,4,5.322159937075863,0.0,12.753505980700172
253,2024-11-02,21,5.320687012121349,0.0,12.753445081080372
254,2024-11-09,9,5.3192154332537775,0.0,12.753382680401984
254,2024-11-09,5,5.317745199242978,0.0,12.753318783764286
254,2024-11-09,4,5.316276308859903,0.0,12.753253396251036
254,2024-11-09,12,5.314808760876629,0.0,12.753186522930505
254,2024-11-09,19,5.313342554066352,0.0,12.753118168855558
254,2024-11-09,12,5.311877687203395,0.0,12.753048339063685
254,2024-11-09,9,5.310414159063194,0.0,12.752977038577072
254,2024-11-09,4,5.308951968422311,0.0,12.752904272402642
254,2024-11-09,1,5.307491114058421,0.0,12.752830045532116
254,2024-11-09,2,5.306031594750317,0.0,12.75275436294206
254,2024-11-09,1,5.304573409277912,0.0,12.752677229593946
254,2024-11-09,2,5.3031165564222285,0.0,12.752598650434194
254,2024-11-09,7,5.301661034965405,0.0,12.752518630394235
254,2024-11-09,7,5.300206843690695,0.0,12.752437174390561
254,2024-11-09,0,5.298753981382461,0.0,12.752354287324767
254,2024-11-09,2,5.29730244682618,0.0,12.752269974083616
254,2024-11-09,2,5.2958522388084335,0.0,12.75218423953908
254,2024-11-09,7,5.294403356116918,0.0,12.752097088548402
254,2024-11-09,6,5.292955797540434,0.0,12.752008525954135
254,2024-11-09,4,5.29150956186889,0.0,12.751918556584204
254,2024-11-09,23,5.290064647893301,0.0,12.751827185251951
254,2024-11-09,0,5.288621054405785,0.0,12.751734416756179
254,2024-11-09,7,5.287178780199566,0.0,12.75164025588122
254,2024-11-09,4,5.2857378240689705,0.0,12.751544707396965
254,2024-11-09,4,5.284298184809425,0.0,12.751447776058928
255,2024-11-16,0,5.28285986121746,0.0,12.751349466608286
255,2024-11-16,9,5.281422852090703,0.0,12.75124978377194
255,2024-11-16,38,5.279987156227881,0.0,12.751148732262548
255,2024-11-16,6,5.278552772428819,0.0,12.751046316778591
255,2024-11-16,15,5.27711969949444,0.0,12.750942542004406
255,2024-11-16,8,5.2756879362267615,0.0,12.750837412610249
255,2024-11-16,2,5.274257481428895,0.0,12.750730933252331
255,2024-11-16,0,5.272828333905049,0.0,12.75062310857287
255,2024-11-16,4,5.271400492460522,0.0,12.750513943200152
255,2024-11-16,8,5.269973955901705,0.0,12.75040344174855
255,2024-11-16,9,5.268548723036078,0.0,12.7502916088186
255,2024-11-16,0,5.267124792672217,0.0,12.750178448997037
255,2024-11-16,12,5.265702163619778,0.0,12.750063966856828
255,2024-11-16,1,5.264280834689513,0.0,12.749948166957253
255,2024-11-16,23,5.262860804693256,0.0,12.749831053843916
255,2024-11-16,2,5.261442072443927,0.0,12.749712632048812
255,2024-11-16,8,5.260024636755533,0.0,12.749592906090367
255,2024-11-16,1,5.2586084964431645,0.0,12.749471880473486
255,2024-11-16,10,5.257193650322994,0.0,12.749349559689598
255,2024-11-16,18,5.255780097212275,0.0,12.749225948216704
255,2024-11-16,25,5.254367835929344,0.0,12.74910105051941
255,2024-11-16,24,5.252956865293615,0.0,12.748974871048999
255,2024-11-16,4,5.251547184125584,0.0,12.748847414243446
255,2024-11-16,22,5.2501387912468225,0.0,12.748718684527482
255,2024-11-16,8,5.24873168547998,0.0,12.748588686312631
256,2024-11-23,21,5.247325865648781,0.0,12.748457423997262
256,2024-11-23,13,5.245921330578026,0.0,12.74832490196662
256,2024-11-23,13,5.24451807909359,0.0,12.74819112459289
256,2024-11-23,6,5.243116110022419,0.0,12.748056096235215
256,2024-11-23,0,5.241715422192533,0.0,12.747919821239766
256,2024-11-23,16,5.240316014433022,0.0,12.747782303939768
256,2024-11-23,0,5.238917885574046,0.0,12.747643548655557
256,2024-11-23,31,5.237521034446835,0.0,12.7475035596946
256,2024-11-23,4,5.236125459883686,0.0,12.747362341351572
256,2024-11-23,2,5.234731160717963,0.0,12.747219897908366
256,2024-11-23,3,5.2333381357841,0.0,12.747076233634164
256,2024-11-23,7,5.23194638391759,0.0,12.746931352785452
256,2024-11-23,5,5.230555903954994,0.0,12.746785259606085
256,2024-11-23,5,5.229166694733936,0.0,12.74663795832732
256,2024-11-23,4,5.227778755093102,0.0,12.746489453167854
256,2024-11-23,0,5.226392083872239,0.0,12.74633974833388
256,2024-11-23,10,5.225006679912154,0.0,12.746188848019106
256,2024-11-23,5,5.223622542054715,0.0,12.746036756404822
256,2024-11-23,14,5.222239669142846,0.0,12.74588347765992
256,2024-11-23,5,5.22085806002053,0.0,12.74572901594095
256,2024-11-23,2,5.2194777135328065,0.0,12.745573375392155
256,2024-11-23,23,5.21809862852577,0.0,12.745416560145507
256,2024-11-23,12,5.21672080384657,0.0,12.745258574320758
256,2024-11-23,21,5.21534423834341,0.0,12.745099422025476
256,2024-11-23,2,5.213968930865544,0.0,12.74493910735508
257,2024-11-30,4,5.212594880263279,0.0,12.744777634392884
257,2024-11-30,9,5.211222085387973,0.0,12.744615007210147
257,2024-11-30,0,5.209850545092035,0.0,12.744451229866094
257,2024-11-30,9,5.20848025822892,0.0,12.744286306407972
257,2024-11-30,10,5.207111223653132,0.0,12.744120240871077
257,2024-11-30,1,5.205743440220221,0.0,12.743953037278803
257,2024-11-30,0,5.204376906786786,0.0,12.743784699642683
257,2024-11-30,4,5.203011622210467,0.0,12.743615231962412
257,2024-11-30,1,5.201647585349951,0.0,12.743444638225903
257,2024-11-30,0,5.200284795064966,0.0,12.743272922409314
257,2024-11-30,13,5.198923250216282,0.0,12.743100088477098
257,2024-11-30,14,5.197562949665713,0.0,12.742926140382036
257,2024-11-30,1,5.19620389227611,0.0,12.742751082065265
257,2024-11-30,4,5.1948460769113645,0.0,12.74257491745634
257,2024-11-30,8,5.193489502436405,0.0,12.742397650473242
257,2024-11-30,4,5.192134167717201,0.0,12.742219285022445
257,2024-11-30,0,5.190780071620754,0.0,12.742039824998932
257,2024-11-30,9,5.189427213015103,0.0,12.741859274286242
257,2024-11-30,12,5.188075590769321,0.0,12.741677636756508
257,2024-11-30,13,5.186725203753516,0.0,12.741494916270494
257,2024-11-30,21,5.185376050838826,0.0,12.741311116677622
257,2024-11-30,18,5.184028130897424,0.0,12.741126241816026
257,2024-11-30,9,5.18268144280251,0.0,12.740940295512576
257,2024-11-30,13,5.181335985428316,0.0,12.74075328158292
257,2024-11-30,6,5.179991757650102,0.0,12.740565203831519
258,2024-12-07,19,5.178648758344156,0.0,12.740376066051681
258,2024-12-07,15,5.177306986387795,0.0,12.740185872025602
258,2024-12-07,3,5.1759664406593595,0.0,12.7399946255244
258,2024-12-07,10,5.174627120038214,0.0,12.739802330308148
258,2024-12-07,4,5.173289023404751,0.0,12.739608990125916
258,2024-12-07,5,5.171952149640383,0.0,12.739414608715798
258,2024-12-07,0,5.170616497627546,0.0,12.739219189804954
258,2024-12-07,1,5.169282066249698,0.0,12.73902273710965
258,2024-12-07,13,5.167948854391315,0.0,12.738825254335275
258,2024-12-07,9,5.1666168609378955,0.0,12.738626745176402
258,2024-12-07,7,5.165286084775954,0.0,12.738427213316797
258,2024-12-07,1,5.163956524793024,0.0,12.738226662429469
258,2024-12-07,2,5.162628179877656,0.0,12.738025096176706
258,2024-12-07,3,5.161301048919415,0.0,12.7378225182101
258,2024-12-07,0,5.159975130808881,0.0,12.737618932170587
258,2024-12-07,16,5.158650424437649,0.0,12.737414341688481
258,2024-12-07,4,5.1573269286983265,0.0,12.737208750383507
258,2024-12-07,3,5.156004642484531,0.0,12.737002161864837
258,2024-12-07,8,5.154683564690895,0.0,12.736794579731118
258,2024-12-07,7,5.153363694213057,0.0,12.73658600757052
258,2024-12-07,2,5.152045029947669,0.0,12.736376448960744
258,2024-12-07,20,5.150727570792387,0.0,12.736165907469086
258,2024-12-07,8,5.149411315645879,0.0,12.735954386652448
258,2024-12-07,4,5.148096263407815,0.0,12.73574189005738
258,2024-12-07,21,5.146782412978873,0.0,12.73552842122011
259,2024-12-14,1,5.145469763260736,0.0,12.735313983666579
259,2024-12-14,10,5.1441583131560895,0.0,12.735098580912476
259,2024-12-14,14,5.142848061568622,0.0,12.734882216463266
259,2024-12-14,0,5.141539007403025,0.0,12.734664893814225
259,2024-12-14,1,5.14023114956499,0.0,12.73444661645047
259,2024-12-14,1,5.1389244869612085,0.0,12.734227387846996
259,2024-12-14,11,5.137619018499372,0.0,12.7340072114687
259,2024-12-14,16,5.136314743088169,0.0,12.73378609077043
259,2024-12-14,12,5.1350116596372875,0.0,12.733564029196993
259,2024-12-14,4,5.133709767057408,0.0,12.733341030183203
259,2024-12-14,18,5.132409064260211,0.0,12.733117097153912
259,2024-12-14,9,5.13110955015837,0.0,12.732892233524037
259,2024-12-14,1,5.12981122366555,0.0,12.73266644269859
259,2024-12-14,3,5.128514083696412,0.0,12.732439728072716
259,2024-12-14,5,5.127218129166606,0.0,12.732212093031716
259,2024-12-14,0,5.125923358992776,0.0,12.731983540951086
259,2024-12-14,8,5.124629772092554,0.0,12.731754075196545
259,2024-12-14,4,5.12333736738456,0.0,12.731523699124056
259,2024-12-14,3,5.122046143788407,0.0,12.73129241607988
259,2024-12-14,20,5.12075610022469,0.0,12.731060229400581
259,2024-12-14,15,5.1194672356149935,0.0,12.730827142413077
259,2024-12-14,7,5.118179548881886,0.0,12.730593158434651
259,2024-12-14,8,5.1168930389489224,0.0,12.730358280773
259,2024-12-14,3,5.11560770474064,0.0,12.730122512726254
259,2024-12-14,9,5.114323545182559,0.0,12.729885857583009
260,2024-12-21,7,5.113040559201183,0.0,12.729648318622353
260,2024-12-21,14,5.111758745723995,0.0,12.729409899113904
260,2024-12-21,10,5.110478103679457,0.0,12.72917060231783
260,2024-12-21,6,5.109198631997014,0.0,12.728930431484894
260,2024-12-21,8,5.1079203296070865,0.0,12.72868938985646
260,2024-12-21,4,5.106643195441074,0.0,12.728447480664542
260,2024-12-21,4,5.1053672284313505,0.0,12.728204707131827
260,2024-12-21,11,5.104092427511269,0.0,12.727961072471702
260,2024-12-21,3,5.102818791615153,0.0,12.727716579888286
260,2024-12-21,0,5.101546319678304,0.0,12.727471232576457
260,2024-12-21,9,5.100275010636994,0.0,12.727225033721883
260,2024-12-21,2,5.099004863428469,0.0,12.726977986501044
260,2024-12-21,4,5.097735876990944,0.0,12.72673009408127
260,2024-12-21,3,5.0964680502636055,0.0,12.726481359620767
260,2024-12-21,3,5.09520138218661,0.0,12.72623178626864
260,2024-12-21,0,5.093935871701081,0.0,12.725981377164924
260,2024-12-21,16,5.092671517749112,0.0,12.725730135440614
260,2024-12-21,0,5.0914083192737625,0.0,12.725478064217697
260,2024-12-21,4,5.090146275219055,0.0,12.725225166609166
260,2024-12-21,25,5.088885384529982,0.0,12.724971445719063
260,2024-12-21,22,5.087625646152497,0.0,12.724716904642499
260,2024-12-21,12,5.086367059033517,0.0,12.724461546465681
260,2024-12-21,0,5.085109622120921,0.0,12.724205374265946
260,2024-12-21,18,5.0838533343635515,0.0,12.72394839111178
260,2024-12-21,0,5.0825981947112115,0.0,12.723690600062849
261,2024-12-28,6,5.081344202114661,0.0,12.723432004170029
261,2024-12-28,0,5.080091355525621,0.0,12.723172606475433
261,2024-12-28,14,5.07883965389677,0.0,12.72291241001243
261,2024-12-28,1,5.077589096181744,0.0,12.722651417805677
261,2024-12-28,0,5.076339681335136,0.0,12.722389632871156
261,2024-12-28,0,5.075091408312493,0.0,12.72212705821618
261,2024-12-28,7,5.073844276070315,0.0,12.721863696839442
261,2024-12-28,0,5.072598283566061,0.0,12.721599551731016
261,2024-12-28,0,5.071353429758136,0.0,12.721334625872409
261,2024-12-28,7,5.070109713605903,0.0,12.721068922236572
261,2024-12-28,0,5.068867134069671,0.0,12.720802443787932
261,2024-12-28,11,5.067625690110702,0.0,12.720535193482412
261,2024-12-28,2,5.066385380691209,0.0,12.720267174267468
261,2024-12-28,5,5.065146204774348,0.0,12.719998389082104
261,2024-12-28,3,5.063908161324228,0.0,12.719728840856902
261,2024-12-28,8,5.0626712493059,0.0,12.71945853251405
261,2024-12-28,12,5.061435467685366,0.0,12.719187466967366
261,2024-12-28,4,5.060200815429568,0.0,12.718915647122316
261,2024-12-28,12,5.058967291506396,0.0,12.718643075876058
261,2024-12-28,8,5.05773489488468,0.0,12.718369756117449
261,2024-12-28,7,5.056503624534194,0.0,12.718095690727077
261,2024-12-28,4,5.055273479425654,0.0,12.71782088257729
261,2024-12-28,4,5.054044458530716,0.0,12.717545334532213
261,2024-12-28,1,5.0528165608219755,0.0,12.717269049447783
261,2024-12-28,10,5.051589785272968,0.0,12.716992030171763
262,2025-01-04,6,5.050364130858165,0.0,12.716714279543778
262,2025-01-04,8,5.049139596552978,0.0,12.716435800395328
262,2025-01-04,7,5.047916181333752,0.0,12.716156595549823
262,2025-01-04,9,5.04669388417777,0.0,12.715876667822602
262,2025-01-04,6,5.045472704063249,0.0,12.715596020020957
262,2025-01-04,3,5.044252639969337,0.0,12.71531465494416
262,2025-01-04,19,5.043033690876119,0.0,12.715032575383487
262,2025-01-04,4,5.041815855764611,0.0,12.714749784122246
262,2025-01-04,7,5.040599133616759,0.0,12.714466283935785
262,2025-01-04,1,5.039383523415439,0.0,12.71418207759154
262,2025-01-04,5,5.038169024144459,0.0,12.713897167849037
262,2025-01-04,12,5.036955634788553,0.0,12.713611557459933
262,2025-01-04,22,5.035743354333384,0.0,12.713325249168028
262,2025-01-04,1,5.0345321817655435,0.0,12.713038245709292
262,2025-01-04,13,5.033322116072547,0.0,12.712750549811894
262,2025-01-04,7,5.032113156242836,0.0,12.712462164196216
262,2025-01-04,4,5.030905301265776,0.0,12.712173091574886
262,2025-01-04,0,5.029698550131657,0.0,12.711883334652793
262,2025-01-04,1,5.028492901831691,0.0,12.711592896127117
262,2025-01-04,1,5.027288355358012,0.0,12.711301778687345
262,2025-01-04,12,5.026084909703677,0.0,12.711009985015306
262,2025-01-04,14,5.024882563862659,0.0,12.710717517785174
262,2025-01-04,1,5.023681316829854,0.0,12.710424379663516
262,2025-01-04,2,5.022481167601076,0.0,12.710130573309296
262,2025-01-04,6,5.021282115173055,0.0,12.709836101373902
263,2025-01-11,13,5.020084158543441,0.0,12.70954096650118
263,2025-01-11,0,5.018887296710797,0.0,12.709245171327431
263,2025-01-11,0,5.017691528674602,0.0,12.708948718481464
263,2025-01-11,14,5.01649685343525,0.0,12.708651610584598
263,2025-01-11,14,5.015303269994048,0.0,12.708353850250688
263,2025-01-11,2,5.014110777353215,0.0,12.70805544008616
263,2025-01-11,3,5.012919374515885,0.0,12.707756382690011
263,2025-01-11,7,5.0117290604861,0.0,12.707456680653848
263,2025-01-11,14,5.010539834268811,0.0,12.707156336561908
263,2025-01-11,5,5.009351694869883,0.0,12.70685535299107
263,2025-01-11,0,5.0081646412960845,0.0,12.706553732510892
263,2025-01-11,1,5.006978672555096,0.0,12.706251477683619
263,2025-01-11,10,5.005793787655502,0.0,12.705948591064214
263,2025-01-11,0,5.004609985606794,0.0,12.70564507520037
263,2025-01-11,10,5.0034272654193686,0.0,12.705340932632547
263,2025-01-11,4,5.002245626104527,0.0,12.705036165893977
263,2025-01-11,3,5.001065066674473,0.0,12.704730777510697
263,2025-01-11,6,4.999885586142316,0.0,12.704424770001564
263,2025-01-11,6,4.998707183522063,0.0,12.704118145878276
263,2025-01-11,10,4.997529857828626,0.0,12.703810907645401
263,2025-01-11,8,4.996353608077815,0.0,12.70350305780039
263,2025-01-11,0,4.995178433286339,0.0,12.703194598833598
263,2025-01-11,3,4.994004332471809,0.0,12.702885533228311
263,2025-01-11,5,4.9928313046527295,0.0,12.702575863460762
263,2025-01-11,6,4.991659348848504,0.0,12.702265592000156
264,2025-01-18,8,4.990488464079434,0.0,12.701954721308686
264,2025-01-18,3,4.989318649366711,0.0,12.701643253841555
264,2025-01-18,8,4.9881499037324275,0.0,12.701331192046998
264,2025-01-18,18,4.986982226199566,0.0,12.701018538366306
264,2025-01-18,11,4.985815615792001,0.0,12.700705295233835
264,2025-01-18,33,4.984650071534503,0.0,12.700391465077043
264,2025-01-18,1,4.983485592452729,0.0,12.700077050316494
264,2025-01-18,6,4.98232217757323,0.0,12.699762053365887
264,2025-01-18,4,4.981159825923445,0.0,12.699446476632076
264,2025-01-18,4,4.979998536531703,0.0,12.699130322515092
264,2025-01-18,0,4.978838308427219,0.0,12.698813593408154
264,2025-01-18,1,4.977679140640097,0.0,12.698496291697698
264,2025-01-18,0,4.976521032201327,0.0,12.69817841976339
264,2025-01-18,17,4.975363982142784,0.0,12.697859979978158
264,2025-01-18,3,4.974207989497228,0.0,12.697540974708195
264,2025-01-18,8,4.973053053298303,0.0,12.697221406312991
264,2025-01-18,9,4.971899172580537,0.0,12.69690127714535
264,2025-01-18,4,4.970746346379338,0.0,12.696580589551404
264,2025-01-18,13,4.9695945737309986,0.0,12.69625934587064
264,2025-01-18,5,4.96844385367269,0.0,12.695937548435918
264,2025-01-18,0,4.967294185242463,0.0,12.695615199573483
264,2025-01-18,13,4.966145567479249,0.0,12.695292301602993
264,2025-01-18,2,4.964997999422858,0.0,12.69496885683754
264,2025-01-18,3,4.963851480113975,0.0,12.694644867583655
264,2025-01-18,22,4.962706008594164,0.0,12.694320336141342
265,2025-01-25,9,4.9615615839058655,0.0,12.693995264804094
265,2025-01-25,3,4.960418205092392,0.0,12.693669655858903
265,2025-01-25,17,4.959275871197932,0.0,12.69334351158629
265,2025-01-25,23,4.958134581267549,0.0,12.69301683426032
265,2025-01-25,2,4.956994334347177,0.0,12.692689626148612
265,2025-01-25,2,4.9558551294836235,0.0,12.692361889512377
265,2025-01-25,6,4.9547169657245655,0.0,12.69203362660642
265,2025-01-25,5,4.953579842118551,0.0,12.691704839679163
265,2025-01-25,14,4.952443757714999,0.0,12.691375530972664
265,2025-01-25,13,4.951308711564193,0.0,12.69104570272264
265,2025-01-25,7,4.950174702717291,0.0,12.690715357158478
265,2025-01-25,3,4.9490417302263126,0.0,12.690384496503258
265,2025-01-25,5,4.947909793144145,0.0,12.690053122973769
265,2025-01-25,0,4.946778890524543,0.0,12.68972123878053
265,2025-01-25,9,4.945649021422124,0.0,12.689388846127805
265,2025-01-25,4,4.94452018489237,0.0,12.689055947213621
265,2025-01-25,15,4.943392379991626,0.0,12.688722544229794
265,2025-01-25,8,4.9422656057771,0.0,12.68838863936193
265,2025-01-25,16,4.941139861306862,0.0,12.688054234789462
265,2025-01-25,0,4.940015145639841,0.0,12.687719332685656
265,2025-01-25,8,4.938891457835828,0.0,12.687383935217632
265,2025-01-25,7,4.937768796955472,0.0,12.687048044546383
265,2025-01-25,0,4.9366471620602805,0.0,12.68671166282679
265,2025-01-25,4,4.93552655221262,0.0,12.68637479220764
265,2025-01-25,1,4.934406966475712,0.0,12.68603743483165
266,2025-02-01,8,4.933288403913636,0.0,12.68569959283547
266,2025-02-01,1,4.932170863591324,0.0,12.685361268349716
266,2025-02-01,13,4.931054344574566,0.0,12.685022463498978
266,2025-02-01,20,4.929938845930003,0.0,12.684683180401848
266,2025-02-01,1,4.928824366725132,0.0,12.684343421170913
266,2025-02-01,18,4.927710906028298,0.0,12.684003187912806
266,2025-02-01,14,4.926598462908702,0.0,12.683662482728195
266,2025-02-01,0,4.925487036436391,0.0,12.683321307711815
266,2025-02-01,22,4.924376625682266,0.0,12.68297966495248
266,2025-02-01,21,4.923267229718075,0.0,12.682637556533098
266,2025-02-01,5,4.922158847616415,0.0,12.6822949845307
266,2025-02-01,0,4.921051478450729,0.0,12.681951951016433
266,2025-02-01,11,4.91994512129531,0.0,12.681608458055608
266,2025-02-01,1,4.918839775225293,0.0,12.681264507707684
266,2025-02-01,13,4.917735439316662,0.0,12.680920102026313
266,2025-02-01,13,4.916632112646242,0.0,12.680575243059337
266,2025-02-01,3,4.915529794291704,0.0,12.680229932848817
266,2025-02-01,13,4.914428483331561,0.0,12.679884173431041
266,2025-02-01,0,4.913328178845169,0.0,12.679537966836548
266,2025-02-01,12,4.912228879912725,0.0,12.679191315090137
266,2025-02-01,2,4.911130585615265,0.0,12.678844220210886
266,2025-02-01,4,4.910033295034667,0.0,12.678496684212172
266,2025-02-01,0,4.908937007253647,0.0,12.678148709101682
266,2025-02-01,4,4.90784172135576,0.0,12.677800296881438
266,2025-02-01,7,4.906747436425398,0.0,12.677451449547796
267,2025-02-08,12,4.905654151547789,0.0,12.677102169091478
267,2025-02-08,18,4.904561865808999,0.0,12.676752457497589
267,2025-02-08,4,4.903470578295926,0.0,12.676402316745612
267,2025-02-08,0,4.902380288096307,0.0,12.676051748809456
267,2025-02-08,14,4.901290994298709,0.0,12.675700755657443
267,2025-02-08,22,4.900202695992533,0.0,12.675349339252339
267,2025-02-08,21,4.899115392268012,0.0,12.674997501551363
267,2025-02-08,7,4.898029082216213,0.0,12.674645244506216
267,2025-02-08,1,4.896943764929028,0.0,12.674292570063074
267,2025-02-08,0,4.895859439499185,0.0,12.67393948016262
267,2025-02-08,11,4.894776105020238,0.0,12.673585976740064
267,2025-02-08,1,4.893693760586569,0.0,12.673232061725136
267,2025-02-08,13,4.892612405293389,0.0,12.67287773704213
267,2025-02-08,4,4.891532038236735,0.0,12.672523004609896
267,2025-02-08,13,4.890452658513472,0.0,12.672167866341871
267,2025-02-08,13,4.889374265221287,0.0,12.671812324146078
267,2025-02-08,5,4.888296857458695,0.0,12.671456379925164
267,2025-02-08,0,4.887220434325031,0.0,12.67110003557639
267,2025-02-08,0,4.886144994920458,0.0,12.670743292991666
267,2025-02-08,20,4.885070538345958,0.0,12.67038615405756
267,2025-02-08,2,4.883997063703335,0.0,12.670028620655307
267,2025-02-08,13,4.882924570095215,0.0,12.66967069466083
267,2025-02-08,3,4.881853056625041,0.0,12.66931237794475
267,2025-02-08,8,4.880782522397081,0.0,12.668953672372417
267,2025-02-08,1,4.879712966516417,0.0,12.668594579803898
268,2025-02-15,24,4.878644388088949,0.0,12.668235102094016
268,2025-02-15,13,4.877576786221396,0.0,12.667875241092347
268,2025-02-15,11,4.876510160021293,0.0,12.667514998643252
268,2025-02-15,2,4.87544450859699,0.0,12.667154376585879
268,2025-02-15,2,4.874379831057652,0.0,12.666793376754176
268,2025-02-15,9,4.873316126513259,0.0,12.666432000976917
268,2025-02-15,0,4.872253394074602,0.0,12.666070251077706
268,2025-02-15,3,4.871191632853288,0.0,12.665708128875
268,2025-02-15,12,4.870130841961732,0.0,12.665345636182117
268,2025-02-15,14,4.869071020513164,0.0,12.664982774807253
268,2025-02-15,2,4.868012167621623,0.0,12.664619546553492
268,2025-02-15,0,4.866954282401955,0.0,12.66425595321883
268,2025-02-15,21,4.865897363969819,0.0,12.663891996596185
268,2025-02-15,12,4.864841411441681,0.0,12.6635276784734
268,2025-02-15,2,4.863786423934812,0.0,12.663163000633276
268,2025-02-15,8,4.862732400567293,0.0,12.662797964853574
268,2025-02-15,2,4.86167934045801,0.0,12.662432572907033
268,2025-02-15,9,4.860627242726653,0.0,12.66206682656138
268,2025-02-15,5,4.8595761064937175,0.0,12.661700727579351
268,2025-02-15,10,4.858525930880502,0.0,12.661334277718696
268,2025-02-15,15,4.85747671500911,0.0,12.660967478732205
268,2025-02-15,4,4.856428458002444,0.0,12.66060033236771
268,2025-02-15,23,4.855381158984212,0.0,12.660232840368103
268,2025-02-15,2,4.854334817078921,0.0,12.659865004471357
268,2025-02-15,29,4.853289431411875,0.0,12.659496826410521
269,2025-02-22,2,4.852245001109184,0.0,12.65912830791376
269,2025-02-22,3,4.85120152529775,0.0,12.658759450704341
269,2025-02-22,1,4.8501590031052775,0.0,12.658390256500672
269,2025-02-22,3,4.8491174336602665,0.0,12.658020727016295
269,2025-02-22,16,4.848076816092013,0.0,12.657650863959912
269,2025-02-22,5,4.8470371495306095,0.0,12.65728066903539
269,2025-02-22,6,4.845998433106943,0.0,12.656910143941788
269,2025-02-22,13,4.844960665952694,0.0,12.656539290373352
269,2025-02-22,21,4.84392384720034,0.0,12.656168110019543
269,2025-02-22,2,4.842887975983148,0.0,12.655796604565044
269,2025-02-22,1,4.841853051435176,0.0,12.65542477568977
269,2025-02-22,10,4.840819072691277,0.0,12.65505262506889
269,2025-02-22,8,4.839786038887093,0.0,12.654680154372839
269,2025-02-22,15,4.838753949159055,0.0,12.654307365267318
269,2025-02-22,9,4.837722802644386,0.0,12.653934259413324
269,2025-02-22,9,4.836692598481093,0.0,12.653560838467154
269,2025-02-22,9,4.8356633358079755,0.0,12.653187104080416
269,2025-02-22,3,4.834635013764617,0.0,12.652813057900055
269,2025-02-22,12,4.833607631491387,0.0,12.652438701568345
269,2025-02-22,17,4.832581188129444,0.0,12.652064036722923
269,2025-02-22,2,4.831555682820728,0.0,12.651689064996788
269,2025-02-22,22,4.830531114707965,0.0,12.651313788018319
269,2025-02-22,25,4.8295074829346625,0.0,12.650938207411286
269,2025-02-22,25,4.828484786645114,0.0,12.650562324794867
269,2025-02-22,0,4.827463024984391,0.0,12.650186141783653
270,2025-03-01,5,4.82644219709835,0.0,12.649809659987667
270,2025-03-01,10,4.825422302133626,0.0,12.649432881012373
270,2025-03-01,3,4.824403339237635,0.0,12.649055806458696
270,2025-03-01,17,4.82338530755857,0.0,12.64867843792302
270,2025-03-01,9,4.822368206245405,0.0,12.648300776997218
270,2025-03-01,4,4.82135203444789,0.0,12.647922825268644
270,2025-03-01,10,4.820336791316553,0.0,12.647544584320165
270,2025-03-01,17,4.819322476002699,0.0,12.647166055730171
270,2025-03-01,18,4.818309087658407,0.0,12.64678724107257
270,2025-03-01,7,4.817296625436531,0.0,12.646408141916815
270,2025-03-01,7,4.8162850884907,0.0,12.646028759827917
270,2025-03-01,10,4.815274475975317,0.0,12.645649096366455
270,2025-03-01,30,4.814264787045557,0.0,12.645269153088575
270,2025-03-01,19,4.8132560208573665,0.0,12.644888931546026
270,2025-03-01,20,4.812248176567464,0.0,12.644508433286155
270,2025-03-01,0,4.811241253333339,0.0,12.644127659851925
270,2025-03-01,0,4.810235250313251,0.0,12.643746612781921
270,2025-03-01,5,4.809230166666227,0.0,12.643365293610376
270,2025-03-01,14,4.8082260015520655,0.0,12.642983703867165
270,2025-03-01,4,4.80722275413133,0.0,12.64260184507783
270,2025-03-01,14,4.806220423565353,0.0,12.642219718763588
270,2025-03-01,4,4.805219009016234,0.0,12.64183732644134
270,2025-03-01,2,4.8042185096468355,0.0,12.641454669623686
270,2025-03-01,0,4.803218924620786,0.0,12.641071749818936
270,2025-03-01,9,4.802220253102481,0.0,12.640688568531125
271,2025-03-08,1,4.801222494257077,0.0,12.640305127260014
271,2025-03-08,4,4.800225647250494,0.0,12.639921427501116
271,2025-03-08,2,4.799229711249414,0.0,12.6395374707457
271,2025-03-08,28,4.798234685421281,0.0,12.639153258480798
271,2025-03-08,14,4.797240568934301,0.0,12.638768792189225
271,2025-03-08,8,4.796247360957437,0.0,12.638384073349592
271,2025-03-08,10,4.795255060660415,0.0,12.6379991034363
271,2025-03-08,27,4.794263667213718,0.0,12.63761388391958
271,2025-03-08,10,4.793273179788587,0.0,12.637228416265476
271,2025-03-08,5,4.79228359755702,0.0,12.636842701935876
271,2025-03-08,24,4.791294919691773,0.0,12.636456742388512
271,2025-03-08,4,4.7903071453663575,0.0,12.63607053907698
271,2025-03-08,1,4.78932027375504,0.0,12.635684093450744
271,2025-03-08,5,4.788334304032842,0.0,12.63529740695515
271,2025-03-08,11,4.787349235375539,0.0,12.634910481031437
271,2025-03-08,22,4.786365066959659,0.0,12.634523317116752
271,2025-03-08,15,4.785381797962484,0.0,12.634135916644151
271,2025-03-08,7,4.784399427562045,0.0,12.633748281042624
271,2025-03-08,5,4.7834179549371285,0.0,12.633360411737094
271,2025-03-08,4,4.782437379267267,0.0,12.632972310148435
271,2025-03-08,5,4.781457699732747,0.0,12.632583977693479
271,2025-03-08,3,4.780478915514601,0.0,12.632195415785027
271,2025-03-08,25,4.77950102579461,0.0,12.63180662583187
271,2025-03-08,12,4.778524029755306,0.0,12.631417609238781
271,2025-03-08,0,4.777547926579964,0.0,12.631028367406543
272,2025-03-15,12,4.776572715452608,0.0,12.630638901731952
272,2025-03-15,22,4.775598395558007,0.0,12.630249213607826
272,2025-03-15,8,4.774624966081675,0.0,12.629859304423022
272,2025-03-15,20,4.773652426209871,0.0,12.629469175562441
272,2025-03-15,8,4.772680775129595,0.0,12.629078828407046
272,2025-03-15,0,4.771710012028594,0.0,12.628688264333862
272,2025-03-15,8,4.7707401360953545,0.0,12.628297484715997
272,2025-03-15,20,4.769771146519106,0.0,12.627906490922644
272,2025-03-15,11,4.768803042489817,0.0,12.627515284319099
272,2025-03-15,4,4.767835823198199,0.0,12.627123866266764
272,2025-03-15,3,4.7668694878357005,0.0,12.626732238123166
272,2025-03-15,5,4.765904035594511,0.0,12.626340401241965
272,2025-03-15,1,4.764939465667559,0.0,12.625948356972955
272,2025-03-15,20,4.763975777248506,0.0,12.625556106662092
272,2025-03-15,3,4.763012969531755,0.0,12.62516365165148
272,2025-03-15,6,4.762051041712444,0.0,12.62477099327941
272,2025-03-15,16,4.761089992986445,0.0,12.62437813288035
272,2025-03-15,1,4.7601298225503665,0.0,12.623985071784963
272,2025-03-15,6,4.759170529601551,0.0,12.62359181132011
272,2025-03-15,11,4.758212113338075,0.0,12.623198352808874
272,2025-03-15,26,4.757254572958746,0.0,12.622804697570555
272,2025-03-15,17,4.756297907663106,0.0,12.62241084692069
272,2025-03-15,1,4.755342116651426,0.0,12.622016802171066
272,2025-03-15,3,4.75438719912471,0.0,12.62162256462971
272,2025-03-15,0,4.753433154284691,0.0,12.62122813560093
273,2025-03-22,13,4.752479981333834,0.0,12.620833516385296
273,2025-03-22,9,4.751527679475328,0.0,12.620438708279668
273,2025-03-22,11,4.750576247913095,0.0,12.620043712577203
273,2025-03-22,5,4.749625685851782,0.0,12.619648530567353
273,2025-03-22,10,4.7486759924967625,0.0,12.619253163535895
273,2025-03-22,0,4.747727167054139,0.0,12.61885761276492
273,2025-03-22,0,4.746779208730736,0.0,12.618461879532866
273,2025-03-22,8,4.745832116734105,0.0,12.618065965114504
273,2025-03-22,2,4.7448858902725215,0.0,12.617669870780958
273,2025-03-22,8,4.743940528554984,0.0,12.617273597799727
273,2025-03-22,4,4.742996030791215,0.0,12.616877147434668
273,2025-03-22,4,4.742052396191657,0.0,12.616480520946036
273,2025-03-22,14,4.741109623967477,0.0,12.616083719590467
273,2025-03-22,2,4.74016771333056,0.0,12.615686744621007
273,2025-03-22,5,4.739226663493513,0.0,12.615289597287106
273,2025-03-22,27,4.738286473669663,0.0,12.614892278834642
273,2025-03-22,30,4.7373471430730545,0.0,12.614494790505923
273,2025-03-22,0,4.7364086709184505,0.0,12.614097133539694
273,2025-03-22,16,4.735471056421333,0.0,12.61369930917116
273,2025-03-22,12,4.734534298797898,0.0,12.613301318631969
273,2025-03-22,11,4.733598397265063,0.0,12.612903163150254
273,2025-03-22,13,4.732663351040456,0.0,12.612504843950616
273,2025-03-22,20,4.7317291593424216,0.0,12.61210636225415
273,2025-03-22,25,4.73079582139002,0.0,12.611707719278442
273,2025-03-22,2,4.729863336403023,0.0,12.611308916237594
274,2025-03-29,16,4.728931703601918,0.0,12.610909954342217
274,2025-03-29,5,4.728000922207903,0.0,12.610510834799449
274,2025-03-29,0,4.727070991442888,0.0,12.610111558812962
274,2025-03-29,2,4.726141910529494,0.0,12.60971212758297
274,2025-03-29,23,4.725213678691053,0.0,12.609312542306242
274,2025-03-29,8,4.724286295151606,0.0,12.60891280417611
274,2025-03-29,4,4.723359759135904,0.0,12.60851291438248
274,2025-03-29,0,4.722434069869406,0.0,12.60811287411183
274,2025-03-29,4,4.721509226578279,0.0,12.607712684547232
274,2025-03-29,10,4.720585228489397,0.0,12.607312346868358
274,2025-03-29,4,4.719662074830341,0.0,12.606911862251486
274,2025-03-29,17,4.718739764829397,0.0,12.606511231869513
274,2025-03-29,1,4.717818297715557,0.0,12.606110456891958
274,2025-03-29,15,4.716897672718518,0.0,12.605709538484973
274,2025-03-29,2,4.71597788906868,0.0,12.60530847781136
274,2025-03-29,29,4.715058945997146,0.0,12.60490727603057
274,2025-03-29,9,4.714140842735723,0.0,12.604505934298714
274,2025-03-29,6,4.713223578516921,0.0,12.60410445376858
274,2025-03-29,3,4.712307152573948,0.0,12.603702835589623
274,2025-03-29,8,4.711391564140715,0.0,12.603301080907993
274,2025-03-29,0,4.710476812451833,0.0,12.602899190866538
274,2025-03-29,0,4.709562896742612,0.0,12.60249716660481
274,2025-03-29,7,4.708649816249061,0.0,12.602095009259074
274,2025-03-29,12,4.707737570207888,0.0,12.601692719962319
274,2025-03-29,28,4.706826157856496,0.0,12.601290299844262
275,2025-04-05,5,4.70591557843299,0.0,12.600887750031369
275,2025-04-05,18,4.705005831176164,0.0,12.600485071646842
275,2025-04-05,10,4.704096915325515,0.0,12.600082265810654
275,2025-04-05,4,4.70318883012123,0.0,12.599679333639534
275,2025-04-05,8,4.702281574804193,0.0,12.59927627624699
275,2025-04-05,3,4.7013751486159805,0.0,12.598873094743311
275,2025-04-05,18,4.7004695507988625,0.0,12.598469790235576
275,2025-04-05,2,4.699564780595801,0.0,12.598066363827675
275,2025-04-05,3,4.698660837250451,0.0,12.59766281662029
275,2025-04-05,9,4.697757720007157,0.0,12.597259149710933
275,2025-04-05,11,4.696855428110957,0.0,12.596855364193935
275,2025-04-05,0,4.695953960807574,0.0,12.59645146116046
275,2025-04-05,4,4.695053317343427,0.0,12.596047441698524
275,2025-04-05,0,4.694153496965617,0.0,12.595643306892978
275,2025-04-05,0,4.693254498921937,0.0,12.595239057825541
275,2025-04-05,29,4.692356322460868,0.0,12.594834695574804
275,2025-04-05,16,4.691458966831575,0.0,12.594430221216223
275,2025-04-05,8,4.69056243128391,0.0,12.594025635822142
275,2025-04-05,21,4.689666715068412,0.0,12.593620940461793
275,2025-04-05,4,4.688771817436304,0.0,12.593216136201319
275,2025-04-05,12,4.687877737639493,0.0,12.592811224103759
275,2025-04-05,4,4.686984474930569,0.0,12.592406205229075
275,2025-04-05,5,4.6860920285628085,0.0,12.592001080634152
275,2025-04-05,12,4.685200397790166,0.0,12.591595851372805
275,2025-04-05,4,4.68430958186728,0.0,12.591190518495791
276,2025-04-12,1,4.6834195800494705,0.0,12.59078508305082
276,2025-04-12,9,4.682530391592737,0.0,12.590379546082552
276,2025-04-12,8,4.681642015753759,0.0,12.589973908632619
276,2025-04-12,0,4.680754451789897,0.0,12.589568171739616
276,2025-04-12,10,4.679867698959188,0.0,12.589162336439127
276,2025-04-12,10,4.678981756520348,0.0,12.58875640376372
276,2025-04-12,9,4.67809662373277,0.0,12.588350374742962
276,2025-04-12,1,4.677212299856525,0.0,12.587944250403428
276,2025-04-12,5,4.67632878415236,0.0,12.587538031768695
276,2025-04-12,2,4.675446075881696,0.0,12.587131719859368
276,2025-04-12,2,4.67456417430663,0.0,12.586725315693077
276,2025-04-12,3,4.673683078689933,0.0,12.58631882028449
276,2025-04-12,0,4.672802788295052,0.0,12.585912234645315
276,2025-04-12,6,4.671923302386103,0.0,12.585505559784316
276,2025-04-12,3,4.671044620227879,0.0,12.585098796707316
276,2025-04-12,2,4.670166741085842,0.0,12.584691946417198
276,2025-04-12,0,4.669289664226124,0.0,12.584285009913923
276,2025-04-12,0,4.668413388915532,0.0,12.583877988194537
276,2025-04-12,4,4.66753791442154,0.0,12.583470882253172
276,2025-04-12,0,4.666663240012291,0.0,12.58306369308106
276,2025-04-12,3,4.665789364956599,0.0,12.582656421666538
276,2025-04-12,1,4.664916288523946,0.0,12.582249068995054
276,2025-04-12,6,4.6640440099844795,0.0,12.581841636049173
276,2025-04-12,12,4.663172528609016,0.0,12.581434123808599
276,2025-04-12,3,4.662301843669038,0.0,12.581026533250157
277,2025-04-19,5,4.661431954436692,0.0,12.58061886534782
277,2025-04-19,13,4.660562860184792,0.0,12.580211121072715
277,2025-04-19,4,4.659694560186816,0.0,12.579803301393124
277,2025-04-19,14,4.658827053716905,0.0,12.579395407274493
277,2025-04-19,13,4.657960340049866,0.0,12.578987439679445
277,2025-04-19,6,4.657094418461164,0.0,12.578579399567776
277,2025-04-19,14,4.65622928822693,0.0,12.578171287896472
277,2025-04-19,12,4.655364948623957,0.0,12.577763105619717
277,2025-04-19,6,4.654501398929694,0.0,12.577354853688888
277,2025-04-19,16,4.653638638422257,0.0,12.576946533052585
277,2025-04-19,0,4.652776666380417,0.0,12.57653814465661
277,2025-04-19,0,4.651915482083606,0.0,12.576129689443999
277,2025-04-19,2,4.651055084811913,0.0,12.575721168355013
277,2025-04-19,0,4.650195473846088,0.0,12.575312582327161
277,2025-04-19,1,4.649336648467534,0.0,12.57490393229518
277,2025-04-19,3,4.648478607958315,0.0,12.574495219191078
277,2025-04-19,16,4.647621351601147,0.0,12.574086443944108
277,2025-04-19,27,4.646764878679406,0.0,12.573677607480802
277,2025-04-19,9,4.645909188477119,0.0,12.573268710724957
277,2025-04-19,35,4.645054280278969,0.0,12.572859754597658
277,2025-04-19,5,4.644200153370294,0.0,12.572450740017272
277,2025-04-19,16,4.643346807037082,0.0,12.572041667899466
277,2025-04-19,2,4.642494240565975,0.0,12.57163253915721
277,2025-04-19,13,4.641642453244269,0.0,12.571223354700777
277,2025-04-19,11,4.640791444359908,0.0,12.570814115437763
278,2025-04-26,2,4.63994121320149,0.0,12.570404822273087
278,2025-04-26,4,4.639091759058259,0.0,12.569995476108991
278,2025-04-26,4,4.6382430812201125,0.0,12.569586077845067
278,2025-04-26,13,4.637395178977595,0.0,12.569176628378237
278,2025-04-26,9,4.6365480516219,0.0,12.568767128602783
278,2025-04-26,7,4.635701698444868,0.0,12.568357579410346
278,2025-04-26,0,4.634856118738988,0.0,12.56794798168993
278,2025-04-26,10,4.634011311797393,0.0,12.567538336327901
278,2025-04-26,15,4.633167276913866,0.0,12.567128644208024
278,2025-04-26,16,4.632324013382832,0.0,12.566718906211431
278,2025-04-26,1,4.631481520499363,0.0,12.566309123216655
278,2025-04-26,13,4.630639797559172,0.0,12.565899296099623
278,2025-04-26,5,4.62979884385862,0.0,12.565489425733677
278,2025-04-26,1,4.6289586586947085,0.0,12.565079512989563
278,2025-04-26,9,4.628119241365082,0.0,12.564669558735444
278,2025-04-26,13,4.6272805911680255,0.0,12.564259563836918
278,2025-04-26,19,4.626442707402467,0.0,12.563849529157011
278,2025-04-26,5,4.625605589367976,0.0,12.563439455556184
278,2025-04-26,1,4.6247692363647595,0.0,12.563029343892351
278,2025-04-26,14,4.623933647693666,0.0,12.562619195020876
278,2025-04-26,7,4.623098822656182,0.0,12.562209009794582
278,2025-04-26,13,4.622264760554432,0.0,12.561798789063754
278,2025-04-26,8,4.621431460691181,0.0,12.561388533676155
278,2025-04-26,0,4.620598922369827,0.0,12.560978244477026
278,2025-04-26,4,4.619767144894409,0.0,12.56056792230909
279,2025-05-03,11,4.618936127569597,0.0,12.560157568012562
279,2025-05-03,1,4.618105869700702,0.0,12.55974718242516
279,2025-05-03,13,4.617276370593665,0.0,12.559336766382103
279,2025-05-03,0,4.616447629555064,0.0,12.55892632071612
279,2025-05-03,10,4.615619645892111,0.0,12.558515846257462
279,2025-05-03,3,4.61479241891265,0.0,12.558105343833903
279,2025-05-03,4,4.613965947925157,0.0,12.557694814270743
279,2025-05-03,23,4.613140232238742,0.0,12.557284258390828
279,2025-05-03,13,4.612315271163144,0.0,12.55687367701454
279,2025-05-03,0,4.611491064008734,0.0,12.556463070959811
279,2025-05-03,2,4.610667610086514,0.0,12.556052441042134
279,2025-05-03,9,4.609844908708115,0.0,12.555641788074556
279,2025-05-03,4,4.609022959185796,0.0,12.555231112867702
279,2025-05-03,5,4.608201760832446,0.0,12.554820416229768
279,2025-05-03,5,4.607381312961582,0.0,12.55440969896653
279,2025-05-03,2,4.606561614887347,0.0,12.553998961881353
279,2025-05-03,3,4.605742665924513,0.0,12.553588205775196
279,2025-05-03,1,4.604924465388475,0.0,12.553177431446615
279,2025-05-03,14,4.604107012595256,0.0,12.552766639691777
279,2025-05-03,3,4.6032903068615045,0.0,12.552355831304453
279,2025-05-03,9,4.602474347504492,0.0,12.551945007076046
279,2025-05-03,13,4.601659133842114,0.0,12.551534167795571
279,2025-05-03,1,4.600844665192891,0.0,12.551123314249681
279,2025-05-03,21,4.600030940875964,0.0,12.550712447222661
279,2025-05-03,1,4.5992179602110985,0.0,12.550301567496444
280,2025-05-10,22,4.59840572251868,0.0,12.549890675850607
280,2025-05-10,0,4.597594227119716,0.0,12.549479773062385
280,2025-05-10,9,4.596783473335833,0.0,12.549068859906676
280,2025-05-10,6,4.5959734604892795,0.0,12.54865793715604
280,2025-05-10,0,4.595164187902923,0.0,12.548247005580716
280,2025-05-10,12,4.594355654900248,0.0,12.547836065948616
280,2025-05-10,1,4.59354786080536,0.0,12.547425119025345
280,2025-05-10,4,4.592740804942981,0.0,12.547014165574192
280,2025-05-10,4,4.591934486638448,0.0,12.546603206356146
280,2025-05-10,0,4.591128905217718,0.0,12.546192242129898
280,2025-05-10,4,4.5903240600073625,0.0,12.545781273651855
280,2025-05-10,2,4.589519950334568,0.0,12.545370301676126
280,2025-05-10,4,4.588716575527136,0.0,12.54495932695455
280,2025-05-10,6,4.587913934913483,0.0,12.544548350236688
280,2025-05-10,9,4.587112027822639,0.0,12.544137372269837
280,2025-05-10,2,4.586310853584246,0.0,12.543726393799037
280,2025-05-10,2,4.585510411528562,0.0,12.543315415567058
280,2025-05-10,11,4.584710700986452,0.0,12.542904438314434
280,2025-05-10,12,4.583911721289398,0.0,12.542493462779444
280,2025-05-10,13,4.5831134717694875,0.0,12.542082489698135
280,2025-05-10,18,4.582315951759423,0.0,12.54167151980432
280,2025-05-10,7,4.581519160592514,0.0,12.541260553829586
280,2025-05-10,0,4.5807230976026805,0.0,12.540849592503298
280,2025-05-10,12,4.579927762124451,0.0,12.5404386365526
280,2025-05-10,18,4.579133153492963,0.0,12.540027686702437
281,2025-05-17,19,4.578339271043959,0.0,12.539616743675541
281,2025-05-17,1,4.577546114113792,0.0,12.539205808192449
281,2025-05-17,6,4.576753682039418,0.0,12.538794880971501
281,2025-05-17,1,4.575961974158402,0.0,12.53838396272886
281,2025-05-17,15,4.575170989808913,0.0,12.537973054178496
281,2025-05-17,5,4.574380728329724,0.0,12.537562156032209
281,2025-05-17,7,4.573591189060215,0.0,12.53715126899963
281,2025-05-17,12,4.572802371340367,0.0,12.536740393788214
281,2025-05-17,1,4.572014274510764,0.0,12.536329531103275
281,2025-05-17,23,4.571226897912595,0.0,12.53591868164796
281,2025-05-17,0,4.570440240887651,0.0,12.53550784612327
281,2025-05-17,13,4.569654302778321,0.0,12.535097025228069
281,2025-05-17,7,4.568869082927599,0.0,12.534686219659072
281,2025-05-17,2,4.568084580679077,0.0,12.534275430110874
281,2025-05-17,5,4.567300795376949,0.0,12.533864657275942
281,2025-05-17,22,4.566517726366005,0.0,12.533453901844616
281,2025-05-17,5,4.565735372991637,0.0,12.533043164505125
281,2025-05-17,3,4.564953734599834,0.0,12.532632445943591
281,2025-05-17,5,4.564172810537183,0.0,12.532221746844025
281,2025-05-17,9,4.563392600150867,0.0,12.53181106788834
281,2025-05-17,8,4.562613102788668,0.0,12.531400409756362
281,2025-05-17,7,4.561834317798961,0.0,12.530989773125821
281,2025-05-17,18,4.561056244530718,0.0,12.530579158672369
281,2025-05-17,1,4.560278882333507,0.0,12.530168567069577
281,2025-05-17,14,4.55950223055749,0.0,12.529757998988945
282,2025-05-24,8,4.55872628855342,0.0,12.529347455099906
282,2025-05-24,11,4.557951055672648,0.0,12.528936936069831
282,2025-05-24,0,4.557176531267114,0.0,12.528526442564036
282,2025-05-24,30,4.556402714689352,0.0,12.528115975245786
282,2025-05-24,4,4.555629605292489,0.0,12.527705534776292
282,2025-05-24,2,4.554857202430239,0.0,12.527295121814738
282,2025-05-24,1,4.554085505456911,0.0,12.526884737018264
282,2025-05-24,6,4.5533145137274005,0.0,12.526474381041979
282,2025-05-24,2,4.552544226597197,0.0,12.526064054538974
282,2025-05-24,3,4.551774643422374,0.0,12.52565375816031
282,2025-05-24,9,4.551005763559597,0.0,12.525243492555042
